Status_Account_A14,credit_duration_ratio,Credit_Amount,credit_age_ratio,age_credit_interaction,Duration,Age,Status_Account_A11,Credit_History_A34,Installment_Rate,Savings_A61,Property_A121,Residence_Since,Status_Account_A12,Other_Plans_A143,Savings_A65,duration_short,Employment_A72,Other_Plans_A141,Housing_A152,Existing_Credits,Purpose_A43,Personal_Status_A93,duration_long,Personal_Status_A92,Job_A173,Employment_A74,Purpose_A40,duration_medium,Purpose_A42
0,167.0,1169,17.191176470588236,78.323,6,67,1,1,4,0,1,4,0,1,1,1,0,0,1,2,1,1,0,0,1,0,0,0,0
0,121.44897959183673,5951,258.7391304347826,130.922,48,22,0,0,2,1,1,2,1,1,0,0,0,0,1,1,1,0,1,1,1,0,0,0,0
1,161.23076923076923,2096,41.92,102.704,12,49,0,1,2,1,1,3,0,1,0,1,0,0,1,1,0,1,0,0,0,1,0,0,0
0,183.30232558139534,7882,171.34782608695653,354.69,42,45,1,0,2,1,0,4,0,1,0,0,0,0,0,1,0,1,1,0,1,1,0,0,1
0,194.8,4870,90.18518518518519,258.11,24,53,1,0,3,1,0,4,0,1,0,0,0,0,0,2,0,1,0,0,1,0,1,1,0
1,244.72972972972974,9055,251.52777777777777,316.925,36,35,0,0,2,0,0,4,0,1,1,0,0,0,0,1,0,1,1,0,0,0,0,0,0
1,113.4,2835,52.5,150.255,24,53,0,0,3,0,0,4,0,1,0,0,0,0,1,1,0,1,0,0,1,0,0,1,1
0,187.78378378378378,6948,193.0,243.18,36,35,0,0,2,1,0,2,1,1,0,0,0,0,0,1,0,1,1,0,0,0,0,0,0
1,235.30769230769232,3059,49.33870967741935,186.599,12,61,0,0,2,0,1,4,0,1,0,1,0,0,1,1,1,0,0,0,0,1,0,0,0
0,168.83870967741936,5234,180.48275862068965,146.552,30,28,0,1,4,1,0,2,1,1,0,0,0,0,1,2,0,0,1,0,0,0,1,0,0
0,99.61538461538461,1295,49.80769230769231,32.375,12,25,0,0,3,1,0,1,1,1,0,1,1,0,0,1,0,0,0,1,1,0,1,0,0
0,87.91836734693878,4308,172.32,103.392,48,24,1,0,3,1,0,4,0,1,0,0,1,0,0,1,0,0,1,1,1,0,0,0,0
0,120.53846153846153,1567,68.1304347826087,34.474,12,22,0,0,1,1,0,1,1,1,0,1,0,0,1,1,1,0,0,1,1,0,0,0,0
0,47.96,1199,19.65573770491803,71.94,24,60,1,1,4,1,0,4,0,1,0,0,0,0,1,2,0,1,0,0,0,0,1,1,0
0,87.6875,1403,48.37931034482759,39.284,15,28,1,0,2,1,0,4,0,1,0,0,0,0,0,1,0,0,0,1,1,0,1,1,0
0,51.28,1282,38.84848484848485,41.024,24,32,1,0,4,0,0,2,0,1,0,0,0,0,1,1,1,0,0,1,0,0,0,1,0
1,96.96,2424,44.888888888888886,128.472,24,53,0,1,4,0,0,4,0,1,1,0,0,0,1,2,1,1,0,0,1,0,0,1,0
0,260.38709677419354,8072,310.46153846153845,201.8,30,25,1,0,2,0,0,3,0,0,1,0,1,1,1,3,0,1,1,0,1,0,0,0,0
0,503.16,12579,279.53333333333336,553.476,24,44,0,0,4,1,0,2,1,1,0,0,0,0,0,1,0,0,0,1,0,0,0,1,0
1,137.2,3430,107.1875,106.33,24,31,0,0,3,0,0,2,0,1,0,0,0,0,1,1,1,1,0,0,1,0,0,1,0
1,213.4,2134,43.55102040816327,102.432,9,48,0,1,4,1,0,4,0,1,0,1,0,0,1,3,0,1,0,0,1,0,1,0,0
0,378.14285714285717,2647,58.82222222222222,116.468,6,44,1,0,2,0,1,3,0,1,0,1,0,0,0,1,1,1,0,0,1,0,0,0,0
0,203.72727272727272,2241,45.734693877551024,107.568,10,48,1,1,1,1,1,3,0,1,0,1,1,0,0,2,0,1,0,0,0,0,1,0,0
0,138.76923076923077,1804,40.08888888888889,79.376,12,44,0,1,3,0,0,4,1,1,0,1,1,0,1,1,0,1,0,0,1,0,0,0,0
1,188.0909090909091,2069,76.62962962962963,53.794,10,26,0,1,2,0,0,1,0,1,1,1,0,0,1,2,0,0,0,0,1,0,0,0,1
0,196.28571428571428,1374,37.13513513513514,49.464,6,36,1,0,1,1,1,2,0,0,0,1,0,1,1,1,0,1,0,0,0,0,0,0,1
1,60.857142857142854,426,10.65,16.614,6,39,0,0,4,1,0,4,0,1,0,1,0,0,1,1,1,0,0,0,0,0,0,0,0
0,31.46153846153846,409,9.511627906976743,17.178,12,42,0,0,3,0,1,3,0,1,0,1,0,0,0,2,1,0,0,1,1,0,0,0,0
0,301.875,2415,69.0,82.11,7,34,0,0,3,1,1,2,1,1,0,1,0,0,1,1,1,1,0,0,1,0,0,0,0
0,112.06557377049181,6836,106.8125,430.668,60,63,1,0,3,1,0,4,0,1,0,0,0,0,1,2,0,1,1,0,1,0,0,0,0
0,100.6842105263158,1913,51.7027027027027,68.868,18,36,0,0,3,0,1,3,1,0,0,0,1,1,1,1,0,0,0,0,1,0,0,1,0
0,160.8,4020,143.57142857142858,108.54,24,27,1,0,2,1,0,2,0,0,0,0,0,0,1,1,0,1,0,0,1,0,0,1,1
0,308.7368421052632,5866,189.2258064516129,175.98,18,30,0,0,2,0,0,2,1,1,0,0,0,0,1,2,0,1,0,0,1,0,1,1,0
1,97.23076923076923,1264,21.79310344827586,72.048,12,57,0,1,4,0,0,4,0,1,1,1,0,0,0,1,0,1,0,0,0,0,0,0,0
0,113.38461538461539,1474,43.35294117647059,48.642,12,33,0,0,4,1,0,1,0,0,0,1,1,1,1,1,0,0,0,1,0,0,0,0,1
0,103.17391304347827,4746,182.53846153846155,118.65,45,25,0,1,4,1,0,2,1,1,0,0,1,0,1,2,1,1,1,0,0,0,0,0,0
1,124.6938775510204,6110,190.9375,189.41,48,31,0,1,1,1,0,3,0,0,0,0,0,1,0,1,0,1,1,0,1,0,0,0,0
0,110.52631578947368,2100,55.26315789473684,77.7,18,37,0,0,4,1,1,2,0,0,0,0,0,0,1,1,1,1,0,0,1,0,0,1,0
0,111.36363636363636,1225,32.23684210526316,45.325,10,37,0,0,2,1,0,2,0,1,0,1,0,0,1,1,0,1,0,0,1,0,0,0,0
0,45.8,458,18.32,10.992,9,24,0,0,4,1,1,3,1,1,0,1,0,0,1,1,1,1,0,0,1,0,0,0,0
1,75.25806451612904,2333,75.25806451612904,69.99,30,30,0,0,4,0,0,2,0,0,0,0,0,1,1,1,1,1,1,0,0,0,0,0,0
0,89.07692307692308,1158,42.888888888888886,30.108,12,26,0,0,3,0,0,1,1,1,0,1,0,0,1,1,1,0,0,0,1,0,0,0,0
0,326.5263157894737,6204,137.86666666666667,272.976,18,44,0,0,2,1,1,4,1,1,0,0,0,0,1,1,0,1,0,0,0,0,0,1,0
0,199.58064516129033,6187,247.48,148.488,30,24,1,1,1,0,0,4,0,1,0,0,0,0,0,2,0,0,1,0,1,1,0,0,0
0,125.36734693877551,6143,104.11864406779661,356.294,48,58,1,1,4,1,0,4,0,0,0,0,0,0,0,2,0,0,1,1,0,0,0,0,0
1,116.08333333333333,1393,38.69444444444444,48.755,11,35,0,1,4,1,0,4,0,1,0,1,1,0,1,2,0,0,0,1,0,0,1,0,0
1,62.13513513513514,2299,57.475,89.661,36,39,0,0,4,0,0,4,0,1,0,0,0,0,1,1,1,1,1,0,1,0,0,0,0
0,193.14285714285714,1352,56.333333333333336,31.096,6,23,1,0,1,0,0,2,0,1,0,1,0,0,0,1,0,0,0,1,0,0,0,0,0
1,602.3333333333334,7228,180.7,281.892,11,39,0,1,1,1,0,4,0,1,0,1,0,0,1,2,0,1,0,0,0,0,1,0,0
1,159.46153846153845,2073,71.48275862068965,58.044,12,28,0,0,4,0,1,2,0,1,0,1,0,0,1,1,1,0,0,1,1,0,0,0,0
0,93.32,2333,77.76666666666667,67.657,24,29,0,0,4,0,0,2,1,0,1,0,1,1,1,1,0,1,0,0,0,0,0,1,1
0,213.03571428571428,5965,192.41935483870967,178.95,27,30,0,0,1,1,0,2,1,1,0,0,0,0,1,2,0,1,1,0,0,0,0,0,0
1,97.07692307692308,1262,48.53846153846154,31.55,12,25,0,0,3,1,0,2,0,1,0,1,0,0,1,1,1,1,0,0,1,0,0,0,0
1,177.78947368421052,3378,105.5625,104.718,18,31,0,0,2,0,0,1,0,1,1,0,0,0,1,1,0,1,0,0,1,0,0,1,0
0,60.13513513513514,2225,38.36206896551724,126.825,36,57,0,0,4,1,0,4,1,0,0,0,0,1,0,2,0,1,1,0,1,0,1,0,0
1,111.85714285714286,783,29.0,20.358,6,26,0,0,1,0,1,2,0,0,1,1,0,0,1,1,0,1,0,0,0,0,1,0,0
0,497.53846153846155,6468,122.0377358490566,336.336,12,52,0,0,2,0,0,1,1,1,1,1,0,0,1,1,1,1,0,0,0,0,0,0,0
1,258.5405405405405,9566,298.9375,296.546,36,31,0,1,2,1,0,2,0,0,0,0,0,0,1,2,1,0,1,1,1,0,0,0,0
0,103.21052631578948,1961,81.70833333333333,45.103,18,23,0,0,3,1,0,2,0,1,0,0,0,0,1,1,0,0,0,1,0,0,1,1,0
0,168.35135135135135,6229,259.5416666666667,143.267,36,23,1,1,4,1,0,4,0,1,0,0,1,0,0,2,0,0,1,1,0,0,0,0,1
0,139.1,1391,49.67857142857143,37.557,9,27,0,0,2,1,1,1,1,0,0,1,0,1,1,1,0,0,0,0,1,0,0,0,0
0,96.0625,1537,30.137254901960784,76.85,15,50,0,1,4,0,1,4,1,1,1,0,0,0,1,2,1,1,0,0,1,0,0,1,0
0,52.78378378378378,1953,31.5,119.133,36,61,0,0,4,1,0,4,1,1,0,0,0,0,0,1,0,1,1,0,0,0,0,0,0
0,294.3061224489796,14421,554.6538461538462,360.525,48,25,0,0,2,1,0,2,1,1,0,0,0,0,1,1,0,1,1,0,1,0,0,0,0
1,127.24,3181,117.81481481481481,82.706,24,26,0,0,4,1,0,4,0,1,0,0,1,0,1,1,1,0,0,1,1,0,0,1,0
1,185.35714285714286,5190,105.91836734693878,249.12,27,48,0,0,4,0,0,4,0,1,1,0,0,0,1,4,0,1,1,0,1,0,0,0,0
1,167.0,2171,72.36666666666666,62.959,12,29,0,0,2,1,0,2,0,0,0,1,1,1,1,1,1,0,0,1,1,0,0,0,0
0,77.46153846153847,1007,43.78260869565217,22.154,12,22,0,0,4,0,1,1,1,1,0,1,0,0,1,1,0,0,0,0,1,0,1,0,0
1,49.16216216216216,1819,47.86842105263158,67.303,36,37,0,0,4,1,0,4,0,0,0,0,0,0,0,1,0,1,1,0,1,0,0,0,0
1,64.70270270270271,2394,92.07692307692308,59.85,36,25,0,0,4,0,0,4,0,1,1,0,0,0,1,1,1,0,1,1,1,0,0,0,0
1,219.8108108108108,8133,262.35483870967744,243.99,36,30,0,0,1,1,0,2,0,0,0,0,0,1,1,1,0,0,1,1,1,0,0,0,0
1,91.25,730,15.53191489361702,33.58,7,46,0,1,4,0,0,2,0,1,1,1,0,0,0,2,1,1,0,0,0,0,0,0,0
0,129.33333333333334,1164,22.384615384615383,59.364,8,51,1,1,3,1,0,4,0,0,0,1,0,1,0,2,0,1,0,0,0,0,0,0,0
0,138.46511627906978,5954,141.76190476190476,244.114,42,41,0,1,2,1,1,1,1,0,0,0,0,1,1,2,0,0,1,1,0,1,0,0,0
0,53.432432432432435,1977,48.21951219512195,79.08,36,40,1,0,4,0,0,4,0,1,1,0,0,0,1,1,0,1,1,0,0,0,0,0,0
0,117.38461538461539,1526,22.776119402985074,100.716,12,66,1,1,4,1,0,4,0,1,0,1,0,0,0,2,0,1,0,0,0,0,0,0,0
0,92.20930232558139,3965,113.28571428571429,134.81,42,34,1,0,4,1,0,3,0,1,0,0,1,0,1,1,1,1,1,0,1,0,0,0,0
0,397.5833333333333,4771,91.75,243.321,11,51,0,0,2,1,0,4,1,1,0,1,0,0,1,1,1,1,0,0,1,1,0,0,0
1,171.56363636363636,9436,235.9,368.004,54,39,0,0,2,0,0,2,0,1,1,0,0,0,1,1,0,1,1,0,0,0,0,0,0
0,123.61290322580645,3832,166.6086956521739,84.304,30,22,0,0,2,1,0,1,1,1,0,0,1,0,1,1,0,0,1,0,1,0,0,0,1
1,237.72,5943,132.06666666666666,261.492,24,44,0,0,1,0,0,1,0,1,1,0,1,0,1,2,1,0,0,1,1,0,0,1,0
1,75.8125,1213,25.270833333333332,57.011,15,47,0,0,4,0,0,3,0,0,0,0,0,0,1,1,1,1,0,0,1,0,0,1,0
1,82.52631578947368,1568,62.72,37.632,18,24,0,0,3,0,0,4,0,1,0,0,0,0,0,1,0,0,0,1,0,0,0,1,0
0,70.2,1755,29.74576271186441,101.79,24,58,1,0,4,1,1,4,0,1,0,0,0,0,1,1,0,0,0,1,0,0,0,1,0
0,210.45454545454547,2315,43.679245283018865,120.38,10,52,1,0,3,1,1,4,0,1,0,1,0,0,1,1,1,1,0,0,0,0,0,0,0
1,108.61538461538461,1412,47.06666666666667,40.948,12,29,0,1,4,1,1,2,0,1,0,1,0,0,1,2,0,0,0,1,0,0,0,0,0
0,68.15789473684211,1295,46.25,34.965,18,27,0,1,4,1,0,1,1,1,0,0,1,0,1,2,0,0,0,1,1,0,0,1,1
0,340.86486486486484,12612,262.75,592.764,36,47,0,0,1,0,0,4,1,1,0,0,0,0,0,1,0,1,1,0,1,0,0,0,0
0,118.36842105263158,2249,72.54838709677419,67.47,18,30,1,0,4,0,0,3,0,1,0,0,0,0,1,1,0,1,0,0,0,1,1,1,0
0,85.23076923076923,1108,38.206896551724135,31.024,12,28,1,0,4,1,1,3,0,1,0,1,0,0,1,2,0,1,0,0,1,1,0,0,0
1,47.53846153846154,618,10.842105263157896,34.608,12,56,0,1,4,1,1,4,0,1,0,1,0,0,1,1,1,1,0,0,1,0,0,0,0
0,108.38461538461539,1409,25.618181818181817,76.086,12,54,1,1,4,1,1,3,0,1,0,1,0,0,1,1,0,1,0,0,1,0,0,0,0
1,61.30769230769231,797,23.441176470588236,26.301,12,33,0,1,4,0,0,3,0,0,1,1,0,1,1,1,1,0,0,1,0,0,0,0,0
0,144.68,3617,172.23809523809524,72.34,24,20,0,1,4,0,0,4,0,1,1,0,0,0,0,2,0,1,0,0,1,0,0,1,1
0,101.38461538461539,1318,23.963636363636365,71.172,12,54,0,0,4,0,1,4,1,1,0,1,0,0,1,1,0,1,0,0,1,0,1,0,0
0,289.90909090909093,15945,270.2542372881356,924.81,54,58,0,0,3,1,0,4,1,1,0,0,1,0,0,1,0,1,1,0,1,0,0,0,0
1,154.76923076923077,2012,32.45161290322581,122.732,12,61,0,1,4,0,0,2,0,1,1,1,0,0,1,1,0,0,0,1,1,1,0,0,0
0,138.0,2622,74.91428571428571,89.148,18,34,0,0,4,0,0,4,1,1,0,0,0,0,1,1,0,1,0,0,1,0,0,1,0
0,63.16216216216216,2337,63.16216216216216,84.132,36,36,0,1,4,1,1,4,1,1,0,0,0,0,1,1,1,1,1,0,1,0,0,0,0
0,336.04761904761904,7057,190.72972972972974,254.052,20,36,0,0,3,0,0,4,1,0,1,0,0,1,0,2,0,1,0,0,0,1,0,1,0
1,58.76,1469,34.976190476190474,60.229,24,41,0,0,4,0,1,4,0,1,0,0,0,0,0,1,0,0,0,0,0,0,1,1,0
0,62.78378378378378,2323,92.92,55.752,36,24,0,0,4,1,0,4,1,1,0,0,0,0,0,1,1,1,1,0,1,1,0,0,0
1,133.14285714285714,932,37.28,22.368,6,24,0,0,3,1,1,2,0,1,0,1,0,0,1,1,1,0,0,1,1,0,0,0,0
0,191.9,1919,53.30555555555556,67.165,9,35,0,1,4,1,0,3,1,1,0,1,0,0,0,1,0,1,0,0,1,1,0,0,1
1,188.07692307692307,2445,90.55555555555556,63.57,12,26,0,0,2,0,0,4,0,1,1,1,1,0,0,1,0,0,0,0,1,0,0,0,0
0,477.52,11938,298.45,465.582,24,39,0,1,2,1,0,3,1,1,0,0,0,0,1,2,0,1,0,0,0,0,0,1,0
1,339.89473684210526,6458,161.45,251.862,18,39,0,0,2,1,0,4,0,0,0,0,0,1,1,2,0,1,0,0,0,0,1,1,0
0,467.53846153846155,6078,184.1818181818182,194.496,12,32,0,0,2,1,0,2,1,1,0,1,0,0,1,1,0,1,0,0,1,1,1,0,0
0,308.84,7721,249.06451612903226,231.63,24,30,1,0,1,0,0,2,0,1,1,0,1,0,1,1,0,0,0,1,1,0,0,1,1
0,94.0,1410,39.166666666666664,49.35,14,35,0,0,1,0,1,2,1,1,0,0,0,0,1,1,0,0,0,0,1,0,0,1,0
0,207.0,1449,45.28125,44.919,6,31,0,0,1,0,0,2,1,0,0,1,0,1,1,2,0,0,0,0,1,0,0,0,0
0,24.5,392,16.333333333333332,9.016,15,23,0,0,4,1,0,4,0,1,0,0,1,0,0,1,0,0,0,1,1,0,0,1,0
0,329.4736842105263,6260,215.86206896551724,175.28,18,28,0,0,3,1,1,3,1,1,0,0,0,0,0,1,0,1,0,0,0,1,1,1,0
1,212.2972972972973,7855,302.11538461538464,196.375,36,25,0,1,4,1,1,2,0,0,0,0,0,0,1,2,0,0,1,1,1,0,1,0,0
0,129.23076923076923,1680,46.666666666666664,58.8,12,35,1,0,3,0,1,1,0,1,0,1,0,0,1,1,1,0,0,0,1,0,0,0,0
1,73.0204081632653,3578,74.54166666666667,168.166,48,47,0,1,4,0,1,1,0,1,1,0,0,0,1,1,1,1,1,0,1,0,0,0,0
0,166.8372093023256,7174,231.41935483870967,215.22,42,30,1,0,4,0,0,3,0,1,1,0,0,0,1,1,1,0,1,1,0,1,0,0,0
0,193.8181818181818,2132,76.14285714285714,57.564,10,27,1,1,2,0,1,3,0,1,1,1,1,0,0,2,0,0,0,1,1,0,0,0,1
0,125.91176470588235,4281,178.375,98.463,33,23,1,1,1,0,0,4,0,1,0,0,0,0,1,2,0,0,1,1,1,0,0,0,1
0,182.0,2366,63.945945945945944,85.176,12,36,0,1,3,0,0,3,1,1,0,1,0,0,1,1,0,0,0,0,0,1,1,0,0
0,83.4090909090909,1835,70.57692307692308,45.875,21,25,1,0,3,1,1,2,0,1,0,0,0,0,1,2,1,0,0,1,1,0,0,1,0
1,154.72,3868,92.0952380952381,158.588,24,41,0,1,4,1,0,2,0,1,0,0,0,0,0,2,0,0,0,1,0,0,0,1,0
1,136.0,1768,70.72,42.432,12,24,0,0,3,1,1,2,0,1,0,1,0,0,0,1,0,1,0,0,0,0,0,0,1
0,71.0,781,12.203125,49.203,10,63,0,1,4,1,0,4,0,1,0,1,0,0,0,2,0,1,0,0,1,0,1,0,0
0,101.26315789473684,1924,68.71428571428571,51.948,18,27,0,0,4,0,1,3,1,1,1,0,1,0,0,1,0,0,0,1,1,0,0,1,1
0,163.15384615384616,2121,68.41935483870968,63.63,12,30,1,1,4,1,0,2,0,1,0,1,0,0,1,2,0,1,0,0,1,0,1,0,0
0,53.92307692307692,701,17.097560975609756,28.04,12,40,1,0,4,1,1,2,0,1,0,1,0,0,1,1,1,0,0,0,0,0,0,0,0
0,49.15384615384615,639,20.612903225806452,19.17,12,30,0,0,4,1,0,2,1,1,0,1,0,0,1,1,0,1,0,0,1,0,0,0,0
0,143.07692307692307,1860,53.142857142857146,63.24,12,34,0,1,4,1,0,2,1,1,0,1,0,0,1,2,0,1,0,0,0,0,0,0,0
0,269.15384615384613,3499,116.63333333333334,101.471,12,29,1,1,3,1,1,2,0,1,0,1,0,0,1,2,0,0,0,1,1,0,1,0,0
0,173.20408163265307,8487,339.48,203.688,48,24,0,0,1,0,0,2,1,1,1,0,0,0,1,1,0,0,1,1,1,1,1,0,0
0,186.13513513513513,6887,229.56666666666666,199.723,36,29,1,0,4,1,0,3,0,0,0,0,0,0,1,1,0,1,1,0,1,0,0,0,0
1,169.25,2708,96.71428571428571,73.116,15,27,0,0,2,1,0,3,0,0,0,0,1,1,1,2,0,1,0,0,0,0,0,1,1
1,104.42105263157895,1984,41.333333333333336,93.248,18,47,0,0,4,1,0,4,0,0,0,0,0,1,0,2,0,1,0,0,1,0,0,1,1
1,166.29508196721312,10144,461.09090909090907,213.024,60,21,0,0,2,0,1,4,0,1,0,0,0,0,1,1,1,0,1,1,1,1,0,0,0
1,95.38461538461539,1240,31.794871794871796,47.12,12,38,0,1,4,0,1,2,0,1,1,1,0,0,1,2,1,0,0,1,1,0,0,0,0
1,307.60714285714283,8613,307.60714285714283,232.551,27,27,0,0,2,0,0,2,0,1,0,0,0,0,1,2,0,1,1,0,1,0,0,0,0
0,58.92307692307692,766,11.432835820895523,50.556,12,66,0,0,4,0,1,3,1,1,0,1,0,0,1,1,1,1,0,0,0,0,0,0,0
0,170.5,2728,75.77777777777777,95.48,15,35,0,1,4,0,1,2,1,0,1,0,0,1,1,3,1,1,0,0,1,1,0,1,0
0,144.69230769230768,1881,41.8,82.764,12,44,0,0,2,1,0,2,0,1,0,1,0,0,0,1,1,0,0,1,0,0,0,0,0
0,101.28571428571429,709,25.321428571428573,19.143,6,27,0,0,2,0,1,2,0,1,0,1,1,0,1,1,0,0,0,0,0,0,1,0,0
0,129.59459459459458,4795,154.67741935483872,143.85,36,30,0,0,4,1,0,1,1,1,0,0,1,0,1,1,1,0,1,1,0,0,0,0,0
0,122.0,3416,122.0,92.232,27,27,1,0,3,1,0,2,0,1,0,0,0,0,1,1,1,1,1,0,0,0,0,0,0
0,129.57894736842104,2462,107.04347826086956,54.164,18,22,1,0,2,1,0,2,0,1,0,0,0,0,1,1,0,1,0,0,1,0,0,1,1
1,104.0,2288,95.33333333333333,52.624,21,23,0,1,4,1,0,4,0,1,0,0,1,0,1,1,0,0,0,1,1,0,0,1,1
0,72.77551020408163,3566,115.03225806451613,106.98,48,30,0,0,4,0,0,2,1,1,0,0,0,0,1,1,0,1,1,0,1,1,0,0,0
0,122.85714285714286,860,21.5,33.54,6,39,1,1,1,1,0,4,0,1,0,1,0,0,1,2,0,0,0,1,1,0,1,0,0
1,52.46153846153846,682,13.115384615384615,34.782,12,51,0,1,4,0,0,3,0,1,0,1,0,0,1,2,0,0,0,1,1,1,1,0,0
0,145.16216216216216,5371,185.20689655172413,150.388,36,28,1,1,3,1,0,2,0,1,0,0,0,0,1,2,0,1,1,0,1,0,0,0,1
1,83.26315789473684,1582,33.659574468085104,72.772,18,46,0,1,4,0,0,4,0,1,0,0,0,0,1,2,1,1,0,0,1,0,0,1,0
1,192.28571428571428,1346,31.302325581395348,56.532,6,42,0,0,2,0,0,4,0,0,0,1,0,1,0,1,1,1,0,0,1,0,0,0,0
1,174.9090909090909,1924,49.333333333333336,73.112,10,38,0,0,1,1,0,4,0,1,0,1,0,0,1,1,1,1,0,0,1,0,0,0,0
0,158.05405405405406,5848,233.92,140.352,36,24,0,0,4,1,0,1,0,1,0,0,0,0,1,1,1,1,1,0,1,0,0,0,0
0,310.32,7758,258.6,224.982,24,29,0,1,2,0,0,4,1,1,0,0,0,0,0,1,0,0,0,1,1,0,0,1,0
0,278.68,6967,188.2972972972973,250.812,24,36,0,0,4,0,0,4,1,1,0,0,0,0,0,1,0,1,0,0,0,1,0,1,0
0,98.61538461538461,1282,61.04761904761905,25.64,12,20,1,0,2,1,0,4,0,1,0,1,0,0,0,1,0,0,0,1,1,0,0,0,1
0,128.8,1288,26.285714285714285,61.824,9,48,1,1,3,0,1,4,0,1,0,1,0,0,1,2,0,1,0,0,1,0,0,0,0
0,26.076923076923077,339,7.369565217391305,15.255,12,45,1,0,4,1,0,1,0,0,0,1,0,1,1,1,0,0,0,0,0,0,0,0,0
0,140.48,3512,90.05128205128206,133.456,24,38,0,0,2,0,0,3,1,0,0,0,0,1,1,2,0,1,0,0,1,1,1,1,0
1,271.14285714285717,1898,54.22857142857143,64.532,6,34,0,1,1,0,1,2,0,1,1,1,0,0,1,2,1,1,0,0,0,0,0,0,0
1,114.88,2872,77.62162162162163,103.392,24,36,0,1,3,0,1,4,0,1,0,0,0,0,1,1,1,1,0,0,1,0,0,1,0
1,55.526315789473685,1055,34.03225806451613,31.65,18,30,0,1,4,1,0,1,0,1,0,0,1,0,1,2,0,0,0,1,1,0,1,1,0
1,78.875,1262,34.108108108108105,45.432,15,36,0,0,4,0,0,3,0,1,0,0,0,0,1,2,0,1,0,0,1,1,0,1,0
0,664.3636363636364,7308,102.92957746478874,511.56,10,70,0,0,2,1,0,4,1,0,0,1,0,1,0,1,0,1,0,0,0,0,1,0,0
1,24.56756756756757,909,24.56756756756757,32.724,36,36,0,0,4,0,0,4,0,1,0,0,0,0,1,1,0,1,1,0,1,0,1,0,0
1,425.42857142857144,2978,90.24242424242425,95.296,6,32,0,0,1,0,0,2,0,1,0,1,0,0,1,1,0,1,0,0,1,0,0,0,1
0,59.526315789473685,1131,33.26470588235294,37.323,18,33,1,0,4,1,0,2,0,1,0,0,0,0,1,1,0,0,0,1,1,0,0,1,1
0,131.41666666666666,1577,75.0952380952381,31.54,11,20,0,0,4,0,1,1,1,1,0,1,1,0,1,1,0,0,0,1,1,0,0,0,1
1,158.88,3972,152.76923076923077,99.3,24,25,0,0,2,1,0,4,0,1,0,0,0,0,0,1,0,0,0,1,1,1,0,1,1
0,77.4,1935,60.46875,59.985,24,31,0,1,4,1,1,4,1,1,0,0,0,0,1,2,0,0,0,0,1,0,0,1,0
0,59.375,950,27.941176470588236,31.35,15,33,1,0,4,1,0,3,0,1,0,0,0,0,0,2,0,1,0,0,1,0,1,1,0
1,58.69230769230769,763,28.25925925925926,19.838,12,26,0,0,4,1,1,1,0,1,0,1,0,0,1,1,0,0,0,1,1,0,0,0,1
0,82.56,2064,58.97142857142857,70.176,24,34,0,0,3,1,0,2,1,1,0,0,0,0,1,1,0,0,0,1,0,0,0,1,1
0,157.11111111111111,1414,41.588235294117645,46.662,8,33,0,0,4,1,1,2,1,1,0,1,0,0,1,1,1,1,0,0,1,0,0,0,0
0,155.1818181818182,3414,126.44444444444444,88.764,21,26,1,0,2,1,0,1,0,1,0,0,1,0,1,2,0,1,0,0,1,0,0,1,0
1,241.4516129032258,7485,138.61111111111111,396.705,30,53,0,0,4,0,1,1,0,0,1,0,0,1,1,1,0,0,1,1,0,0,0,0,0
0,198.23076923076923,2577,59.93023255813954,108.234,12,42,1,0,2,1,0,1,0,1,0,1,0,0,1,1,0,0,0,0,1,0,0,0,1
0,48.285714285714285,338,6.377358490566038,17.576,6,52,1,1,4,0,0,4,0,1,0,1,0,0,1,2,1,1,0,0,1,0,0,0,0
1,151.0,1963,61.34375,60.853,12,31,0,0,4,1,0,2,0,1,0,1,0,0,0,2,1,1,0,0,0,1,0,0,0
0,25.954545454545453,571,8.651515151515152,37.115,21,65,1,1,4,1,1,4,0,1,0,0,0,0,1,2,0,1,0,0,1,0,1,1,0
1,258.7027027027027,9572,330.0689655172414,268.016,36,28,0,0,1,1,0,1,0,1,0,0,1,0,1,2,0,0,1,0,1,0,0,0,0
0,120.4054054054054,4455,143.70967741935485,133.65,36,30,0,0,2,1,1,2,1,0,0,0,0,0,1,2,0,0,1,0,0,0,0,0,0
0,74.86363636363636,1647,40.170731707317074,65.88,21,40,1,0,4,0,0,2,0,1,1,0,0,0,1,2,0,1,0,0,0,0,1,1,0
1,151.08,3777,74.05882352941177,188.85,24,50,0,1,4,0,1,4,0,1,0,0,0,0,1,1,0,1,0,0,1,0,0,1,1
0,46.526315789473685,884,23.89189189189189,31.824,18,36,0,1,4,1,0,4,1,0,0,0,0,1,1,1,0,1,0,0,1,0,1,1,0
1,85.0,1360,42.5,42.16,15,31,0,1,4,1,0,2,0,1,0,0,0,0,1,2,1,1,0,0,1,0,0,1,0
0,512.9,5129,68.38666666666667,379.546,9,74,0,0,2,1,0,4,1,0,0,1,0,1,0,1,0,0,0,1,0,0,0,0,0
0,69.11764705882354,1175,17.028985507246375,79.9,16,68,0,1,2,1,0,3,1,1,0,0,0,0,0,3,0,1,0,0,0,0,1,1,0
0,51.84615384615385,674,32.095238095238095,13.48,12,20,1,0,4,0,0,1,0,1,0,1,0,0,1,1,1,0,0,0,1,1,0,0,0
0,170.73684210526315,3244,95.41176470588235,107.052,18,33,0,0,1,1,0,4,1,0,0,0,0,1,1,2,0,0,0,1,1,0,0,1,1
1,183.64,4591,83.47272727272727,247.914,24,54,0,0,2,0,0,3,0,1,0,0,0,0,1,3,0,1,0,0,0,0,0,1,0
0,78.44897959183673,3844,109.82857142857142,130.696,48,34,0,0,4,0,0,4,1,1,0,0,0,0,0,1,0,1,1,0,0,1,0,0,0
0,139.82142857142858,3915,105.8108108108108,140.94,27,36,0,0,4,1,0,2,1,1,0,0,0,0,1,1,0,1,1,0,1,0,0,0,0
1,301.14285714285717,2108,70.26666666666667,61.132,6,29,0,0,2,1,1,2,0,1,0,1,0,0,0,1,1,0,0,0,1,1,0,0,0
0,65.8913043478261,3031,137.77272727272728,63.651,45,21,0,0,4,0,0,4,1,1,0,0,0,0,0,1,1,1,1,0,1,0,0,0,0
0,150.1,1501,42.885714285714286,51.034,9,34,0,1,2,1,0,3,1,1,0,1,0,0,1,2,0,0,0,1,0,0,0,0,0
1,197.42857142857142,1382,47.6551724137931,38.696,6,28,0,1,1,1,0,1,0,1,0,1,0,0,1,2,1,0,0,1,1,0,0,0,0
0,73.15384615384616,951,33.964285714285715,25.677,12,27,0,0,4,0,0,4,1,0,0,1,1,1,0,4,0,0,0,1,1,0,0,0,1
0,110.4,2760,74.5945945945946,99.36,24,36,0,0,4,0,0,4,1,0,1,0,0,1,0,1,0,1,0,0,1,0,0,1,0
0,226.1578947368421,4297,104.8048780487805,171.88,18,40,0,0,4,1,0,3,1,1,0,0,0,0,1,1,0,0,0,0,0,0,0,1,1
1,93.6,936,17.660377358490567,48.672,9,52,0,1,4,0,0,2,0,1,0,1,0,0,1,2,0,1,0,0,1,0,0,0,0
0,89.84615384615384,1168,41.714285714285715,31.536,12,27,1,0,4,1,1,3,0,1,0,1,0,0,1,1,0,0,0,0,0,0,1,0,0
1,182.75,5117,189.5185185185185,133.042,27,26,0,0,3,1,0,4,0,1,0,0,0,0,1,2,0,1,1,0,1,1,0,0,0
0,69.38461538461539,902,41.0,18.942,12,21,1,0,4,1,0,4,0,1,0,1,0,0,0,1,0,0,0,0,1,1,0,0,0
1,115.0,1495,38.333333333333336,56.81,12,38,0,1,4,1,1,1,0,1,0,1,0,0,1,2,0,1,0,0,0,0,1,0,0
0,342.6774193548387,10623,272.38461538461536,403.674,30,38,1,1,3,1,0,4,0,1,0,0,0,0,0,3,0,1,1,0,0,0,0,0,0
1,148.84615384615384,1935,43.97727272727273,83.205,12,43,0,1,4,1,1,4,0,1,0,1,0,0,1,3,0,1,0,0,1,0,0,0,1
0,109.53846153846153,1424,52.74074074074074,37.024,12,26,0,1,4,1,0,3,1,1,0,1,0,0,1,1,0,1,0,0,1,1,0,0,0
0,262.72,6568,298.54545454545456,137.928,24,21,1,0,2,1,0,2,0,0,0,0,0,0,1,1,0,0,0,0,0,0,0,1,0
1,108.6923076923077,1413,25.232142857142858,77.715,12,55,0,0,3,0,0,2,0,1,0,1,0,0,1,1,0,1,0,0,1,1,0,0,0
1,307.4,3074,90.41176470588235,101.442,9,33,0,1,1,0,1,2,0,1,1,1,0,0,1,2,1,1,0,0,1,0,0,0,0
1,103.64864864864865,3835,83.3695652173913,172.575,36,45,0,0,2,0,1,4,0,1,1,0,0,0,1,1,1,0,1,1,0,0,0,0,0
0,189.03571428571428,5293,103.7843137254902,264.65,27,50,1,0,2,1,0,4,0,0,0,0,0,0,1,2,0,1,1,0,1,0,0,0,0
0,61.54838709677419,1908,28.47761194029851,125.928,30,66,0,0,4,1,1,4,0,1,0,0,0,0,1,1,0,1,1,0,0,0,0,0,0
1,90.32432432432432,3342,64.26923076923077,170.442,36,51,0,1,4,0,0,2,0,1,1,0,0,0,1,1,1,1,1,0,1,0,0,0,0
0,133.14285714285714,932,23.3,36.348,6,39,0,1,1,0,0,3,1,1,1,1,0,0,1,2,0,0,0,1,0,1,0,0,0
0,163.3684210526316,3104,97.0,96.224,18,31,1,0,3,1,0,1,0,0,0,0,0,1,1,1,0,1,0,0,1,1,0,1,0
0,105.75675675675676,3913,163.04166666666666,89.999,36,23,0,0,2,1,1,2,0,1,0,0,0,0,1,1,1,1,1,0,1,0,0,0,0
0,120.84,3021,120.84,72.504,24,24,1,0,2,1,1,2,0,1,0,0,0,0,0,1,0,0,0,0,0,0,0,1,1
1,124.0,1364,20.984615384615385,87.296,10,64,0,0,2,1,0,4,0,1,0,1,0,0,1,1,0,0,0,1,1,0,1,0,0
0,48.07692307692308,625,23.14814814814815,16.25,12,26,0,0,4,1,1,1,1,0,0,1,1,1,1,1,1,0,0,0,0,0,0,0,0
0,92.3076923076923,1200,50.0,27.6,12,23,1,0,4,0,0,4,0,0,1,1,0,1,0,1,0,0,0,1,1,0,0,0,0
1,54.38461538461539,707,22.806451612903224,21.21,12,30,0,0,4,1,1,2,0,0,0,1,0,1,1,2,1,1,0,0,1,0,0,0,0
1,119.12,2978,90.24242424242425,95.296,24,32,0,0,4,0,1,4,0,1,1,0,0,0,1,2,0,1,0,0,1,0,0,1,0
1,291.0625,4657,150.2258064516129,139.71,15,30,0,0,3,1,0,2,0,1,0,0,0,0,1,1,0,1,0,0,1,0,0,1,0
1,70.62162162162163,2613,93.32142857142857,70.551,36,27,0,0,4,1,0,2,0,1,0,0,0,0,1,2,0,1,1,0,1,0,0,0,0
0,223.69387755102042,10961,391.4642857142857,295.947,48,27,0,0,1,0,0,2,1,0,0,0,0,1,1,2,1,1,1,0,1,1,0,0,0
0,605.0,7865,145.64814814814815,416.845,12,53,1,0,4,1,0,4,0,1,0,1,0,0,0,1,0,1,0,0,0,0,0,0,1
1,147.8,1478,64.26086956521739,32.516,9,22,0,0,4,1,0,2,0,1,0,1,0,0,1,1,1,1,0,0,1,1,0,0,0
0,125.96,3149,136.91304347826087,69.278,24,22,1,0,4,1,0,1,0,0,0,0,1,1,0,1,0,1,0,0,1,0,0,1,1
0,113.78378378378379,4210,155.92592592592592,109.46,36,26,0,0,4,1,0,2,0,1,0,0,0,0,1,1,1,1,1,0,1,0,0,0,0
1,250.7,2507,48.21153846153846,127.857,9,51,0,0,2,0,0,4,0,1,0,1,0,0,0,1,0,1,0,0,0,0,1,0,0
1,164.69230769230768,2141,59.47222222222222,74.935,12,35,0,0,3,0,0,1,0,1,0,1,0,0,1,1,1,1,0,0,1,1,0,0,0
0,45.578947368421055,866,33.30769230769231,21.65,18,25,0,0,4,1,1,2,1,1,0,0,0,0,1,1,1,0,0,0,0,0,0,1,0
1,308.8,1544,35.906976744186046,64.848,4,42,0,1,2,1,1,1,0,1,0,1,0,0,1,3,1,1,0,0,0,1,0,0,0
0,72.92,1823,58.806451612903224,54.69,24,30,1,0,4,1,0,2,0,0,0,0,0,0,1,1,1,1,0,0,0,0,0,1,0
0,2079.285714285714,14555,606.4583333333334,334.765,6,23,0,0,1,0,0,2,1,1,1,1,0,0,1,1,0,1,0,0,0,0,1,0,0
0,125.77272727272727,2767,44.62903225806452,168.787,21,61,0,0,4,0,0,2,1,0,0,0,0,1,0,2,0,0,0,0,0,0,0,1,0
1,99.3076923076923,1291,35.861111111111114,45.185,12,35,0,1,4,1,0,2,0,1,0,1,0,0,1,2,1,0,0,1,1,0,0,0,0
0,81.35483870967742,2522,63.05,98.358,30,39,1,0,1,1,0,3,0,1,0,0,0,0,1,1,1,1,1,0,1,0,0,0,0
0,36.6,915,30.5,26.535,24,29,1,0,4,0,0,2,0,0,1,0,0,1,1,1,0,0,0,1,1,0,1,1,0
1,227.85714285714286,1595,30.673076923076923,81.345,6,51,0,0,3,1,0,2,0,1,0,1,0,0,1,1,1,1,0,0,1,1,0,0,0
0,93.9795918367347,4605,184.2,110.52,48,24,1,0,3,1,0,4,0,1,0,0,0,0,0,2,0,1,1,0,1,0,0,0,0
1,91.15384615384616,1185,42.32142857142857,31.995,12,27,0,1,3,1,1,2,0,1,0,1,0,0,1,2,0,0,0,1,1,0,0,0,0
1,265.15384615384613,3447,95.75,120.645,12,35,0,0,4,0,1,3,0,1,0,1,0,0,1,1,0,0,0,1,0,0,0,0,0
1,50.32,1258,48.38461538461539,31.45,24,25,0,0,4,1,1,1,0,1,0,0,0,0,1,1,0,1,0,0,1,1,0,1,0
1,55.15384615384615,717,13.528301886792454,37.284,12,52,0,1,4,1,1,4,0,1,0,1,0,0,1,3,1,1,0,0,1,0,0,0,0
1,172.0,1204,33.44444444444444,42.14,6,35,0,0,4,0,0,1,0,0,0,1,0,1,0,1,0,1,0,0,1,0,1,0,0
0,77.0,1925,71.29629629629629,50.05,24,26,0,0,2,1,1,2,0,1,0,0,0,0,1,1,0,1,0,0,1,0,0,1,1
1,22.789473684210527,433,18.82608695652174,9.526,18,22,0,0,3,1,1,4,0,1,0,0,0,0,0,1,1,0,0,1,1,0,0,1,0
0,95.14285714285714,666,16.65,25.974,6,39,1,1,3,0,1,4,0,1,0,1,0,0,1,2,0,0,0,1,0,1,1,0,0
0,173.15384615384616,2251,47.8936170212766,103.546,12,46,0,0,1,1,0,2,0,1,0,1,0,0,1,1,0,0,0,1,0,0,0,0,1
0,69.35483870967742,2150,86.0,51.6,30,24,0,0,4,1,0,2,1,0,0,0,0,1,1,1,0,0,1,1,1,0,1,0,0
1,166.04,4151,115.30555555555556,145.285,24,35,0,0,2,0,0,3,0,1,0,0,0,0,1,2,0,1,0,0,1,0,0,1,1
0,203.0,2030,81.2,48.72,9,24,0,0,2,0,0,1,1,1,1,1,0,0,1,1,0,1,0,0,1,1,0,0,1
0,121.60655737704919,7418,264.92857142857144,200.286,60,27,0,0,1,0,1,1,1,1,1,0,0,0,1,1,1,1,1,0,0,0,0,0,0
1,107.36,2684,74.55555555555556,93.94,24,35,0,1,4,1,1,2,0,1,0,0,0,0,1,2,1,1,0,0,0,0,0,1,0
0,165.30769230769232,2149,71.63333333333334,62.321,12,29,1,0,4,1,0,1,0,1,0,1,0,0,0,1,1,0,0,0,1,0,0,0,0
1,238.25,3812,158.83333333333334,87.676,15,23,0,0,1,0,0,4,0,1,0,0,1,0,1,1,0,0,0,1,1,0,0,1,0
1,96.16666666666667,1154,19.896551724137932,65.778,11,57,0,1,4,0,1,4,0,1,0,1,0,0,1,3,1,0,0,1,0,0,0,0,0
0,127.46153846153847,1657,59.17857142857143,44.739,12,27,1,0,2,1,1,2,0,1,0,1,0,0,1,1,0,1,0,0,1,0,0,0,1
0,64.12,1603,28.625,88.165,24,55,1,0,4,1,0,4,0,1,0,0,0,0,1,1,1,0,0,1,1,0,0,1,0
0,279.05263157894734,5302,143.2972972972973,190.872,18,36,1,1,2,1,0,4,0,1,0,0,0,0,0,3,0,1,0,0,0,0,1,1,0
1,211.3846153846154,2748,47.37931034482759,156.636,12,57,0,1,2,1,0,4,0,0,0,1,0,1,0,3,0,0,0,1,0,0,0,0,0
1,111.9090909090909,1231,37.303030303030305,39.392,10,32,0,1,3,1,1,4,0,1,0,1,0,0,1,2,0,1,0,0,0,0,1,0,0
0,50.125,802,21.105263157894736,29.674,15,37,0,0,4,1,0,3,1,1,0,0,0,0,1,1,1,1,0,0,1,0,0,1,0
1,170.3783783783784,6304,170.3783783783784,226.944,36,36,0,1,4,0,1,4,0,1,1,0,0,0,1,2,0,1,1,0,1,0,0,0,0
1,61.32,1533,39.30769230769231,58.254,24,38,0,0,4,1,0,3,0,0,0,0,1,0,1,1,1,0,0,1,1,0,0,1,0
0,598.5333333333333,8978,195.17391304347825,404.01,14,45,1,0,1,1,0,4,0,1,0,0,0,0,1,1,0,0,0,0,0,0,1,1,0
1,39.96,999,38.42307692307692,24.975,24,25,0,0,4,0,0,2,0,1,1,0,0,0,1,2,1,1,0,0,1,0,0,1,0
1,140.10526315789474,2662,80.66666666666667,85.184,18,32,0,0,4,0,0,3,0,1,1,0,0,0,1,1,0,1,0,0,1,1,1,1,0
1,107.84615384615384,1402,36.89473684210526,51.874,12,37,0,1,3,0,0,4,0,1,0,1,0,0,0,1,0,0,0,1,1,1,0,0,1
0,248.3469387755102,12169,328.8918918918919,438.084,48,36,0,0,4,0,0,4,1,1,1,0,0,0,0,1,0,1,1,0,0,0,1,0,0
0,62.44897959183673,3060,105.51724137931035,85.68,48,28,0,0,4,1,1,4,1,1,0,0,0,0,1,2,1,1,1,0,1,1,0,0,0
0,387.03225806451616,11998,342.8,407.932,30,34,1,0,1,1,0,1,0,1,0,0,1,0,1,1,0,0,1,0,0,0,0,0,0
1,269.7,2697,81.72727272727273,86.304,9,32,0,0,1,1,1,2,0,1,0,1,0,0,1,1,1,1,0,0,1,0,0,0,0
1,126.52631578947368,2404,89.03703703703704,62.504,18,26,0,1,2,1,0,2,0,1,0,0,0,0,1,2,1,0,0,1,1,0,0,1,0
0,97.07692307692308,1262,25.24,61.838,12,49,1,0,2,0,0,4,0,1,1,1,0,0,1,1,0,0,0,0,0,0,0,0,1
1,658.7142857142857,4611,139.72727272727272,147.552,6,32,0,0,1,1,0,4,0,1,0,1,1,0,1,1,0,0,0,1,1,0,0,0,1
1,76.04,1901,63.36666666666667,55.129,24,29,0,0,4,0,0,4,0,1,0,0,0,0,0,1,1,1,0,0,0,0,0,1,0
1,210.5,3368,140.33333333333334,77.464,15,23,0,1,3,0,0,4,0,1,0,0,0,0,0,2,0,1,0,0,1,0,0,1,0
1,121.07692307692308,1574,30.862745098039216,78.7,12,50,0,0,4,1,1,2,0,1,0,1,0,0,1,1,0,1,0,0,1,0,0,0,1
0,76.05263157894737,1445,28.9,70.805,18,49,0,0,4,0,0,4,0,0,1,0,0,1,1,1,1,1,0,0,0,1,0,1,0
1,95.0,1520,23.75,95.76,15,63,0,1,4,0,0,4,0,1,1,0,0,0,1,1,0,1,0,0,1,0,0,1,1
0,155.12,3878,102.05263157894737,143.486,24,37,0,1,4,0,0,2,1,1,0,0,1,0,1,1,0,0,0,0,1,0,1,1,0
0,223.375,10722,297.8333333333333,375.27,47,35,1,0,1,1,1,1,0,1,0,0,1,0,1,1,0,0,1,1,0,0,1,0,0
0,97.71428571428571,4788,177.33333333333334,124.488,48,26,1,0,4,1,0,3,0,1,0,0,0,0,1,1,0,1,1,0,1,1,0,0,0
0,154.73469387755102,7582,236.9375,235.042,48,31,0,0,2,0,0,4,1,1,0,0,0,0,0,1,0,1,1,0,0,0,0,0,0
0,84.0,1092,21.84,53.508,12,49,0,0,4,1,1,4,1,1,0,1,0,0,1,2,1,0,0,1,1,0,0,0,0
0,40.96,1024,20.897959183673468,49.152,24,48,1,0,4,1,1,4,0,0,0,0,1,0,1,1,1,0,0,0,1,0,0,1,0
1,82.76923076923077,1076,39.851851851851855,27.976,12,26,0,0,2,1,1,2,0,1,0,1,0,0,1,1,0,0,0,0,1,0,0,0,0
0,254.0,9398,324.0689655172414,263.144,36,28,0,0,1,1,0,4,1,1,0,0,1,0,0,1,0,0,1,0,0,0,0,0,0
0,256.76,6419,142.64444444444445,282.436,24,44,1,1,2,1,0,4,0,1,0,0,0,0,0,2,0,0,0,1,0,0,0,1,0
0,111.53488372093024,4796,84.14035087719299,268.576,42,56,0,1,4,1,0,4,0,1,0,0,0,0,0,1,0,1,1,0,1,0,0,0,0
1,155.69387755102042,7629,162.31914893617022,350.934,48,46,0,1,4,0,0,2,0,0,1,0,0,1,1,2,0,0,1,0,0,0,0,0,0
0,203.26530612244898,9960,368.8888888888889,258.96,48,26,0,0,1,1,0,2,1,1,0,0,1,0,1,1,0,0,1,1,1,0,0,0,1
1,359.61538461538464,4675,222.61904761904762,93.5,12,20,0,0,1,0,0,4,0,1,1,1,1,0,0,1,0,0,0,1,1,0,0,0,0
1,117.0,1287,27.97826086956522,57.915,10,45,0,0,4,0,0,2,0,1,1,1,0,0,1,1,0,1,0,0,0,0,1,0,0
1,132.3684210526316,2515,57.15909090909091,108.145,18,43,0,0,3,1,1,4,0,1,0,0,0,0,1,1,0,1,0,0,1,0,0,1,1
0,124.77272727272727,2745,83.18181818181819,87.84,21,32,0,1,3,0,0,2,1,1,0,0,0,0,1,2,0,1,0,0,1,1,0,1,1
1,96.0,672,12.218181818181819,36.288,6,54,0,0,1,1,1,4,0,1,0,1,0,0,1,1,0,0,0,1,0,0,1,0,0
0,102.8108108108108,3804,88.46511627906976,159.768,36,42,0,0,4,1,0,1,1,1,0,0,0,0,1,1,1,0,1,1,1,0,0,0,0
0,53.76,1344,35.36842105263158,49.728,24,37,0,1,4,0,1,2,0,0,1,0,0,1,1,2,0,1,0,0,0,1,1,1,0
0,94.36363636363636,1038,20.76,50.862,10,49,1,1,4,1,0,3,0,1,0,1,0,0,1,2,0,1,0,0,1,1,1,0,0
1,206.6734693877551,10127,225.04444444444445,445.588,48,44,0,1,2,0,0,2,0,0,0,0,0,1,0,1,0,1,1,0,1,0,1,0,0
1,220.42857142857142,1543,45.38235294117647,50.919,6,33,0,0,4,0,1,2,0,1,0,1,0,0,1,1,0,0,0,0,1,0,0,0,1
1,155.19354838709677,4811,192.44,115.464,30,24,0,0,2,0,0,4,0,0,1,0,0,0,0,1,0,0,1,1,0,1,0,0,0
0,55.92307692307692,727,21.38235294117647,23.991,12,33,1,0,4,0,0,3,0,1,0,1,1,0,1,1,1,0,0,0,0,0,0,0,0
0,137.44444444444446,1237,49.48,29.688,8,24,0,0,3,1,1,4,1,1,0,1,0,0,1,1,0,0,0,1,1,0,0,0,1
0,27.6,276,12.0,6.072,9,22,0,0,4,1,1,4,1,1,0,1,0,0,0,1,0,0,0,0,0,0,1,0,0
0,109.81632653061224,5381,131.2439024390244,215.24,48,40,0,0,3,0,0,4,1,0,1,0,0,1,0,1,0,1,1,0,0,0,0,0,0
1,220.44,5511,211.96153846153845,137.775,24,25,0,0,4,0,0,1,0,0,0,0,0,0,1,1,0,1,0,0,1,0,0,1,1
0,149.96,3749,138.85185185185185,97.474,24,26,0,0,2,1,0,4,0,1,0,0,1,0,1,1,0,0,0,1,1,0,0,1,1
0,52.69230769230769,685,26.346153846153847,17.125,12,25,0,0,2,1,0,3,1,0,0,1,0,1,1,1,0,0,0,0,0,1,1,0,0
0,298.8,1494,49.8,43.326,4,29,0,0,1,0,1,2,0,1,1,1,1,0,1,1,0,1,0,0,0,0,1,0,0
0,74.21621621621621,2746,85.8125,85.126,36,31,1,0,4,1,0,4,0,0,0,0,0,1,1,1,0,1,1,0,1,0,0,0,1
0,54.46153846153846,708,18.153846153846153,26.904,12,38,1,0,2,1,0,3,0,1,0,1,0,0,1,1,0,1,0,0,0,0,0,0,1
0,174.04,4351,88.79591836734694,208.848,24,48,0,0,1,0,0,4,1,1,1,0,0,0,1,1,0,0,0,1,0,0,0,1,1
1,53.92307692307692,701,21.242424242424242,22.432,12,32,0,1,4,1,0,2,0,1,0,1,0,0,1,2,0,1,0,0,1,0,0,0,0
0,227.6875,3643,130.10714285714286,98.361,15,27,1,0,1,1,0,4,0,1,0,0,0,0,1,2,0,0,0,1,0,0,0,1,1
0,137.06451612903226,4249,146.51724137931035,118.972,30,28,0,1,4,1,0,2,1,1,0,0,0,0,1,2,0,0,1,0,0,0,1,0,0
0,77.52,1938,58.72727272727273,62.016,24,32,1,0,4,1,0,3,0,1,0,0,1,0,1,1,1,0,0,0,1,0,0,1,0
0,116.4,2910,83.14285714285714,98.94,24,34,1,0,2,1,0,1,0,1,0,0,0,0,0,1,0,1,0,0,0,1,0,1,0
0,139.94736842105263,2659,91.6896551724138,74.452,18,28,1,0,4,0,0,2,0,1,0,0,0,0,1,1,0,1,0,0,1,0,0,1,1
1,54.10526315789474,1028,27.783783783783782,37.008,18,36,0,1,4,1,1,3,0,1,0,0,0,0,1,2,0,0,0,1,1,0,1,1,0
0,377.55555555555554,3398,84.95,132.522,8,39,1,1,1,1,1,4,0,1,0,1,0,0,1,2,0,1,0,0,0,1,1,0,0
1,446.2307692307692,5801,116.02,284.249,12,49,0,1,2,0,0,4,0,1,1,1,0,0,0,1,0,1,0,0,1,0,0,0,1
1,61.0,1525,43.57142857142857,51.85,24,34,0,0,4,0,0,3,0,1,0,0,0,0,1,1,0,0,0,1,1,1,1,1,0
0,120.89189189189189,4473,139.78125,138.663,36,31,0,0,4,1,0,2,0,1,0,0,0,0,1,1,1,1,1,0,1,0,0,0,0
0,152.57142857142858,1068,36.827586206896555,29.904,6,28,0,0,4,1,0,4,1,1,0,1,0,0,1,1,1,1,0,0,1,0,0,0,0
0,264.6,6615,87.03947368421052,496.125,24,75,1,1,2,1,0,4,0,1,0,0,0,0,0,2,0,1,0,0,0,0,0,1,0
1,98.10526315789474,1864,60.12903225806452,55.92,18,30,0,1,4,0,1,2,0,1,0,0,0,0,1,2,0,0,0,1,1,0,0,1,0
0,121.44262295081967,7408,296.32,177.792,60,24,0,0,4,0,0,2,1,1,0,0,1,0,1,1,0,0,1,1,0,0,1,0,0
1,236.53061224489795,11590,463.6,278.16,48,24,0,1,2,0,0,4,0,0,0,0,0,1,0,2,0,0,1,1,0,0,0,0,0
0,164.4,4110,171.25,94.53,24,23,1,0,3,1,0,4,0,0,0,0,0,1,0,2,0,1,0,0,1,0,0,1,1
0,483.42857142857144,3384,75.2,148.896,6,44,1,1,1,1,1,4,0,1,0,1,0,0,0,1,0,0,0,0,0,0,0,0,1
0,150.07142857142858,2101,87.54166666666667,48.323,13,23,0,0,2,1,0,4,1,1,0,0,1,0,1,1,1,0,0,1,0,0,0,1,0
0,79.6875,1275,51.0,30.6,15,24,1,0,4,0,0,2,0,1,1,0,0,0,0,1,0,0,0,1,1,0,0,1,0
0,166.76,4169,143.75862068965517,116.732,24,28,1,0,4,1,0,4,0,1,0,0,0,0,1,1,0,1,0,0,1,0,0,1,1
0,138.27272727272728,1521,47.53125,47.151,10,31,0,0,4,1,0,2,1,1,0,1,0,0,1,1,0,0,0,0,0,0,0,0,1
0,229.72,5743,229.72,137.832,24,24,0,1,2,1,0,4,1,1,0,0,1,0,0,2,0,0,0,1,1,0,0,1,0
0,163.5909090909091,3599,133.2962962962963,93.574,21,26,1,0,1,1,0,4,0,1,0,0,0,0,0,1,0,0,0,1,0,1,0,1,1
0,169.10526315789474,3213,123.57692307692308,80.325,18,25,0,0,1,0,1,3,1,1,0,0,1,0,0,1,1,0,0,0,1,0,0,1,0
0,233.6315789473684,4439,130.55882352941177,146.487,18,33,0,0,1,1,1,1,1,0,0,0,0,1,1,1,0,1,0,0,0,0,0,1,0
0,359.0,3949,103.92105263157895,146.113,10,37,0,0,1,1,0,1,0,1,0,1,1,0,1,1,0,1,0,0,0,0,1,0,0
1,91.1875,1459,33.15909090909091,62.737,15,43,0,1,4,1,0,2,0,1,0,0,0,0,1,1,1,0,0,1,0,0,0,1,0
0,63.0,882,36.75,20.286,13,23,0,1,4,1,1,4,1,1,0,0,1,0,1,2,1,1,0,0,1,0,0,1,0
0,150.32,3758,156.58333333333334,86.434,24,23,0,0,1,0,0,4,1,1,0,0,0,0,0,1,1,0,0,1,0,0,0,1,0
1,249.0,1743,49.8,59.262,6,34,0,0,1,0,1,2,0,1,0,1,0,0,1,2,0,1,0,0,0,0,0,0,0
0,113.6,1136,34.42424242424242,36.352,9,32,0,1,4,0,0,3,1,1,0,1,0,0,0,2,0,1,0,0,1,0,0,0,0
1,123.6,1236,51.5,28.428,9,23,0,0,1,1,1,4,0,1,0,1,1,0,0,1,0,0,0,1,1,0,0,0,0
0,95.9,959,31.966666666666665,27.811,9,29,0,0,1,1,0,2,1,1,0,1,0,0,1,1,0,0,0,1,1,0,0,0,1
1,169.94736842105263,3229,82.7948717948718,122.702,18,38,0,1,2,0,0,4,0,1,1,0,0,0,1,1,0,1,0,0,0,0,0,1,0
0,476.84615384615387,6199,213.75862068965517,173.572,12,28,1,0,4,1,0,2,0,1,0,1,0,0,0,2,1,1,0,0,1,0,0,0,0
1,66.0909090909091,727,15.46808510638298,33.442,10,46,0,0,4,0,0,4,0,1,0,1,0,0,0,1,0,1,0,0,1,0,0,0,0
0,49.84,1246,51.916666666666664,28.658,24,23,0,0,4,1,1,2,1,0,0,0,1,0,1,1,0,1,0,0,0,0,1,1,0
1,179.30769230769232,2331,46.62,114.219,12,49,0,1,1,0,1,4,0,1,1,1,0,0,1,1,1,1,0,0,1,0,0,0,0
1,120.62162162162163,4463,165.2962962962963,116.038,36,26,0,0,4,1,0,2,0,1,0,0,0,0,1,2,1,1,1,0,0,0,0,0,0
1,59.69230769230769,776,26.75862068965517,21.728,12,28,0,0,4,1,1,2,0,1,0,1,0,0,1,1,1,0,0,0,1,0,0,0,0
0,77.61290322580645,2406,100.25,55.338,30,23,1,0,4,1,1,4,0,1,0,0,0,0,0,1,0,0,1,1,1,1,0,0,1
0,65.21052631578948,1239,19.983870967741936,75.579,18,61,0,0,4,0,0,4,1,1,1,0,0,0,0,1,0,1,0,0,1,0,0,1,0
0,261.46153846153845,3399,89.44736842105263,125.763,12,37,0,0,2,0,0,3,0,1,1,1,0,0,1,1,1,1,0,0,0,0,0,0,0
0,172.84615384615384,2247,60.729729729729726,80.892,12,36,0,0,2,1,0,2,0,0,0,1,0,0,1,2,0,0,0,1,1,0,1,0,0
1,252.28571428571428,1766,80.27272727272727,37.086,6,21,0,0,1,1,0,2,0,1,0,1,0,0,0,1,0,0,0,0,1,0,0,0,1
0,130.1578947368421,2473,95.11538461538461,61.825,18,25,1,0,4,1,0,1,0,1,0,0,0,0,1,1,0,1,0,0,0,0,0,1,1
1,118.61538461538461,1542,41.67567567567568,55.512,12,36,0,0,2,1,0,4,0,1,0,1,0,0,1,1,0,1,0,0,1,1,0,0,0
1,202.6315789473684,3850,137.5,103.95,18,27,0,1,3,1,0,1,0,1,0,0,0,0,1,2,0,1,0,0,1,1,0,1,0
0,192.10526315789474,3650,158.69565217391303,80.3,18,22,1,0,1,1,0,4,0,1,0,0,1,0,0,1,0,0,0,1,1,0,0,1,1
0,93.13513513513513,3446,80.13953488372093,144.732,36,42,1,0,4,1,0,2,0,1,0,0,0,0,1,1,0,1,1,0,1,0,0,0,1
0,157.94736842105263,3001,73.1951219512195,120.04,18,40,0,0,2,1,1,4,1,1,0,0,0,0,0,1,0,0,0,1,1,1,0,1,1
1,83.21621621621621,3079,83.21621621621621,110.844,36,36,0,0,4,0,1,4,0,1,1,0,0,0,1,1,0,1,1,0,1,0,1,0,0
1,319.4736842105263,6070,178.52941176470588,200.31,18,33,0,1,3,1,0,4,0,1,0,0,0,0,1,2,1,1,0,0,1,0,0,1,0
1,195.0909090909091,2146,89.41666666666667,49.358,10,23,0,1,1,1,1,3,0,1,0,1,1,0,0,2,0,0,0,1,1,0,0,0,1
1,225.50819672131146,13756,214.9375,866.628,60,63,0,1,2,0,0,4,0,0,1,0,0,1,0,1,0,1,1,0,0,0,1,0,0
0,242.327868852459,14782,242.327868852459,886.92,60,60,0,0,3,0,0,4,1,0,0,0,0,1,0,2,0,0,1,1,0,0,0,0,0
0,156.83673469387756,7685,202.23684210526315,284.345,48,37,1,0,2,1,0,4,0,1,0,0,0,0,0,1,0,0,1,1,1,1,0,0,0
1,122.10526315789474,2320,66.28571428571429,78.88,18,34,0,0,2,1,1,3,0,1,0,0,0,0,1,2,1,0,0,0,1,0,0,1,0
1,105.75,846,22.864864864864863,30.456,7,36,0,0,3,0,0,4,0,1,1,1,0,0,0,1,1,1,0,0,1,0,0,0,0
0,386.97297297297297,14318,246.86206896551724,816.126,36,57,0,0,4,1,0,2,1,1,0,0,0,0,0,1,0,1,1,0,0,0,1,0,0
1,51.714285714285715,362,6.830188679245283,18.824,6,52,0,1,4,0,0,4,0,1,0,1,0,0,1,2,0,0,0,1,0,0,1,0,0
0,105.33333333333333,2212,55.3,86.268,20,39,1,0,4,0,0,4,0,1,1,0,0,0,1,1,0,1,0,0,1,1,0,1,1
0,682.9473684210526,12976,332.71794871794873,493.088,18,38,0,0,3,1,0,4,1,1,0,0,0,0,0,1,0,0,0,1,0,0,0,1,0
1,55.78260869565217,1283,49.34615384615385,32.075,22,25,0,0,4,0,0,4,0,1,1,0,0,0,0,1,0,0,0,1,1,1,1,1,0
0,102.3076923076923,1330,49.25925925925926,34.58,12,26,0,0,4,1,1,1,0,1,0,1,1,0,1,1,0,1,0,0,1,0,1,0,0
1,137.80645161290323,4272,158.22222222222223,111.072,30,26,0,0,2,0,0,2,0,1,0,0,0,0,1,2,0,1,1,0,0,0,0,0,0
1,117.78947368421052,2238,86.07692307692308,55.95,18,25,0,1,2,1,0,1,0,1,0,0,0,0,1,2,1,0,0,1,1,0,0,1,0
1,59.26315789473684,1126,51.18181818181818,23.646,18,21,0,0,4,0,1,2,0,1,1,0,1,0,0,1,1,0,0,1,1,0,0,1,0
0,388.10526315789474,7374,179.85365853658536,294.96,18,40,0,1,4,1,0,4,1,0,0,0,0,0,1,2,0,1,0,0,0,0,0,1,1
0,145.375,2326,83.07142857142857,62.802,15,27,0,1,2,0,0,4,1,0,0,0,0,1,1,1,0,1,0,0,1,0,0,1,0
1,144.9,1449,51.75,39.123,9,27,0,0,3,1,0,2,0,1,0,1,0,0,1,2,0,0,0,1,1,1,0,0,0
1,95.78947368421052,1820,58.70967741935484,54.6,18,30,0,0,2,1,0,2,0,1,0,0,0,0,1,1,0,0,0,0,0,0,1,1,0
0,75.61538461538461,983,49.15,18.677,12,19,0,0,1,0,1,4,1,1,0,1,1,0,0,1,0,0,0,1,0,0,0,0,1
0,87.8108108108108,3249,81.225,126.711,36,39,1,0,2,1,0,4,0,0,0,0,0,1,0,1,0,1,1,0,0,1,1,0,0
0,279.57142857142856,1957,61.15625,60.667,6,31,1,1,1,1,0,4,0,1,0,1,0,0,1,1,1,0,0,1,1,1,0,0,0
1,240.6,2406,75.1875,74.586,9,31,0,1,2,1,0,3,0,1,0,1,0,0,1,1,0,1,0,0,0,0,0,0,1
0,294.0,11760,356.3636363636364,376.32,39,32,0,0,2,0,0,3,1,1,0,0,0,0,0,1,0,1,1,0,1,1,0,0,0
0,198.30769230769232,2578,46.035714285714285,141.79,12,55,1,0,3,1,0,4,0,1,0,1,0,0,0,1,0,0,0,1,0,0,0,0,1
0,63.45945945945946,2348,49.95744680851064,108.008,36,46,1,1,3,1,0,2,0,1,0,0,0,0,1,2,0,0,1,0,1,0,0,0,1
0,94.07692307692308,1223,26.02127659574468,56.258,12,46,0,0,1,1,1,1,1,1,0,1,0,0,0,2,0,0,0,0,1,0,1,0,0
1,60.64,1516,34.45454545454545,65.188,24,43,0,1,4,0,1,1,0,1,0,0,0,0,1,2,1,0,0,1,0,0,0,1,0
1,77.52631578947368,1473,36.825,57.447,18,39,0,0,3,1,1,4,0,1,0,0,1,0,1,1,1,0,0,0,1,0,0,1,0
0,99.3157894736842,1887,65.06896551724138,52.836,18,28,0,1,4,0,1,4,1,0,1,0,0,1,1,2,0,0,0,0,1,0,0,1,0
1,345.92,8648,308.85714285714283,233.496,24,27,0,0,2,1,0,2,0,0,0,0,1,1,1,2,0,1,0,0,1,0,0,1,0
1,53.46666666666667,802,28.642857142857142,21.654,14,27,0,0,4,1,0,2,0,1,0,0,0,0,1,2,0,1,0,0,0,0,1,1,0
0,152.57894736842104,2899,65.88636363636364,124.657,18,43,0,0,4,0,0,4,1,1,1,0,0,0,1,1,0,1,0,0,1,0,1,1,0
0,81.56,2039,88.65217391304348,44.858,24,22,0,0,1,1,0,1,1,1,0,0,1,0,1,1,1,0,0,0,1,0,0,1,0
1,87.88,2197,49.93181818181818,94.471,24,43,0,1,4,0,0,4,0,1,1,0,0,0,1,2,0,1,0,0,1,1,0,1,0
0,65.8125,1053,37.607142857142854,28.431,15,27,1,0,4,1,1,2,0,1,0,0,1,0,1,1,1,0,0,0,1,0,0,1,0
1,129.4,3235,119.81481481481481,84.11,24,26,0,0,3,0,0,2,0,1,0,0,0,0,1,1,1,0,0,0,0,0,0,1,0
0,72.23076923076923,939,32.37931034482759,26.292,12,28,0,1,4,0,1,2,0,1,0,1,0,0,1,3,0,0,0,0,1,1,1,0,0
0,78.68,1967,93.66666666666667,39.34,24,20,0,0,4,1,0,4,1,1,0,0,0,0,1,1,1,0,0,1,1,0,0,1,0
1,213.3235294117647,7253,201.47222222222223,253.855,33,35,0,1,3,1,0,2,0,1,0,0,0,0,1,2,0,1,1,0,0,1,0,0,0
1,176.30769230769232,2292,53.30232558139535,96.264,12,42,0,1,4,1,0,2,0,0,0,1,0,0,1,2,0,1,0,0,0,0,0,0,0
1,145.1818181818182,1597,38.951219512195124,63.88,10,40,0,0,3,0,0,2,0,1,0,1,0,0,0,1,0,1,0,0,0,0,1,0,0
0,55.24,1381,38.361111111111114,48.335,24,35,1,0,4,0,0,2,0,1,1,0,0,0,1,1,0,0,0,1,1,0,1,1,0
1,157.8918918918919,5842,162.27777777777777,204.47,36,35,0,1,2,1,0,2,0,1,0,0,0,0,1,2,0,1,1,0,1,0,0,0,0
0,198.3846153846154,2579,75.8529411764706,85.107,12,33,1,0,4,1,1,1,0,1,0,1,1,0,1,1,0,1,0,0,0,0,1,0,0
0,445.8421052631579,8471,352.9583333333333,194.833,18,23,1,0,1,0,0,2,0,1,1,0,0,0,0,2,0,0,0,1,1,0,0,1,0
1,126.45454545454545,2782,86.9375,86.242,21,31,0,0,1,0,0,2,0,0,0,0,0,1,1,1,0,0,0,1,0,1,1,1,0
0,54.8421052631579,1042,30.647058823529413,34.386,18,33,0,0,4,0,0,2,1,1,1,0,0,0,1,1,0,0,0,1,1,0,1,1,0
1,199.125,3186,151.71428571428572,63.72,15,20,0,0,2,0,0,3,0,1,0,0,0,0,0,1,0,0,0,1,1,1,1,1,0
0,156.0,2028,65.41935483870968,60.84,12,30,0,0,4,0,0,2,1,1,1,1,0,0,1,1,0,1,0,0,1,0,0,0,0
0,73.6923076923077,958,19.958333333333332,45.026,12,47,0,1,2,1,1,3,1,1,0,1,0,0,1,2,0,1,0,0,0,1,1,0,0
1,72.31818181818181,1591,45.457142857142856,54.094,21,34,0,0,4,0,1,3,0,1,0,0,0,0,1,2,0,1,0,0,0,1,0,1,1
0,212.46153846153845,2762,106.23076923076923,69.05,12,25,0,0,1,0,0,2,1,0,1,1,0,1,1,1,0,0,0,1,1,0,0,0,1
0,146.26315789473685,2779,126.31818181818181,58.359,18,21,0,0,1,1,0,3,1,1,0,0,0,0,0,1,0,0,0,0,1,0,0,1,0
1,94.58620689655173,2743,91.43333333333334,79.547,28,29,0,1,4,1,0,2,0,1,0,0,0,0,1,2,1,1,1,0,1,0,0,0,0
1,60.473684210526315,1149,24.4468085106383,52.854,18,46,0,1,4,0,1,3,0,1,0,0,0,0,1,2,1,1,0,0,1,0,0,1,0
1,131.3,1313,62.523809523809526,26.26,9,20,0,0,1,1,0,4,0,1,0,1,0,0,1,1,0,1,0,0,1,0,0,0,1
0,62.63157894736842,1190,21.25,65.45,18,55,1,1,2,1,0,4,0,1,0,0,0,0,0,3,0,0,0,1,0,0,0,1,0
1,574.6666666666666,3448,45.973333333333336,255.152,5,74,0,0,1,1,1,4,0,1,0,1,0,0,1,1,0,1,0,0,0,1,0,0,0
0,453.12,11328,377.6,328.512,24,29,0,0,2,1,0,3,1,0,0,0,0,1,1,2,0,1,0,0,0,0,0,1,0
0,267.42857142857144,1872,50.5945945945946,67.392,6,36,1,1,4,1,0,4,0,1,0,1,0,0,0,3,0,1,0,0,0,0,0,0,1
1,82.32,2058,60.529411764705884,67.914,24,33,0,1,4,1,1,2,0,1,0,0,0,0,1,2,0,0,0,0,1,0,0,1,0
0,213.6,2136,82.15384615384616,53.4,9,25,1,0,3,1,1,2,0,1,0,1,0,0,1,1,0,1,0,0,1,0,0,0,1
0,114.15384615384616,1484,57.07692307692308,37.1,12,25,0,0,2,0,1,1,1,1,1,1,0,0,1,1,1,0,0,0,1,0,0,0,0
1,94.28571428571429,660,27.5,15.18,6,23,0,0,2,0,1,4,0,1,0,1,0,0,0,1,0,0,0,0,0,1,0,0,0
1,51.48,1287,33.86842105263158,47.619,24,37,0,1,4,0,1,4,0,1,0,0,0,0,1,2,0,0,0,1,1,0,1,1,0
0,78.93023255813954,3394,51.42424242424242,220.61,42,65,1,1,4,1,0,4,0,1,0,0,0,0,1,2,0,1,1,0,0,0,0,0,0
0,46.84615384615385,609,22.555555555555557,15.834,12,26,0,0,4,1,1,1,0,1,0,1,1,0,1,1,0,0,0,1,0,0,0,0,0
1,144.92307692307693,1884,47.1,73.476,12,39,0,0,4,1,0,4,0,1,0,1,0,0,1,1,0,1,0,0,0,0,1,0,0
0,124.61538461538461,1620,52.25806451612903,48.6,12,30,1,0,2,1,0,3,0,1,0,1,0,0,1,1,0,0,0,1,1,0,0,0,1
0,125.19047619047619,2629,87.63333333333334,76.241,20,29,0,0,2,1,0,3,1,0,0,0,0,1,1,2,0,1,0,0,1,0,0,1,0
1,55.30769230769231,719,17.11904761904762,29.479,12,41,0,0,4,1,0,4,0,0,0,1,0,1,1,1,0,1,0,0,0,0,0,0,0
0,104.0,5096,164.38709677419354,152.88,48,30,0,1,2,1,0,3,1,1,0,0,0,0,1,1,0,0,1,1,0,0,0,0,1
1,124.4,1244,29.61904761904762,51.004,9,41,0,1,4,0,0,4,0,1,1,1,0,0,0,2,0,0,0,1,0,0,0,0,0
0,49.78378378378378,1842,52.628571428571426,62.628,36,34,1,0,4,1,0,4,0,1,0,0,1,0,1,1,0,0,1,1,1,0,1,0,0
0,322.0,2576,71.55555555555556,90.16,7,35,0,0,2,1,1,2,1,1,0,1,0,0,1,1,1,1,0,0,1,0,0,0,0
0,109.53846153846153,1424,25.428571428571427,78.32,12,55,0,0,3,0,1,4,0,1,1,1,0,0,1,1,0,0,0,1,0,0,0,0,1
0,94.5,1512,24.387096774193548,92.232,15,61,0,0,3,0,0,3,1,0,0,0,0,0,1,2,0,0,0,0,1,0,0,1,0
1,298.7567567567568,11054,356.5806451612903,331.62,36,30,0,1,4,0,0,2,0,1,1,0,0,0,1,1,0,1,1,0,0,0,0,0,0
1,74.0,518,17.266666666666666,15.022,6,29,0,0,3,1,1,1,0,1,0,1,0,0,1,1,1,0,0,1,1,0,0,0,0
1,212.23076923076923,2759,78.82857142857142,93.806,12,34,0,0,2,1,0,4,0,1,0,1,0,0,1,2,0,1,0,0,1,0,0,0,1
1,106.8,2670,74.16666666666667,93.45,24,35,0,0,4,1,0,4,0,1,0,0,0,0,1,1,0,1,0,0,0,0,0,1,0
0,192.68,4817,150.53125,149.327,24,31,1,0,2,1,0,3,0,1,0,0,0,0,1,1,0,1,0,0,1,1,1,1,0
1,107.16,2679,89.3,77.691,24,29,0,0,4,1,0,1,0,1,0,0,1,0,1,1,0,0,0,1,0,0,0,1,0
0,325.4166666666667,3905,105.54054054054055,140.58,11,36,1,1,2,1,1,2,0,1,0,1,0,0,0,2,0,1,0,0,1,0,1,0,0
0,260.46153846153845,3386,94.05555555555556,118.51,12,35,1,0,3,1,0,4,0,1,0,1,0,0,0,1,0,1,0,0,1,0,0,0,0
0,49.0,343,12.25,9.261,6,27,1,0,4,1,1,1,0,1,0,1,1,0,1,1,0,0,0,1,1,0,0,0,0
1,241.78947368421052,4594,139.21212121212122,147.008,18,32,0,0,3,1,0,2,0,1,0,0,1,0,1,1,1,1,0,0,1,0,0,1,0
0,97.83783783783784,3620,95.26315789473684,133.94,36,37,1,0,1,1,0,2,0,1,0,0,0,0,1,1,0,1,1,0,1,0,0,0,1
0,107.5625,1721,46.513513513513516,61.956,15,36,1,0,2,1,1,3,0,1,0,0,1,0,1,1,0,1,0,0,1,0,1,1,0
0,232.07692307692307,3017,86.2,102.578,12,34,0,0,3,1,1,1,1,1,0,1,1,0,0,1,0,0,0,1,0,0,0,0,1
0,58.0,754,19.333333333333332,28.652,12,38,0,0,4,0,0,4,1,1,1,1,0,0,1,2,0,1,0,0,1,0,0,0,0
1,102.63157894736842,1950,55.714285714285715,66.3,18,34,0,0,4,1,0,1,0,0,0,0,0,0,1,2,0,1,0,0,1,1,0,1,0
0,116.96,2924,45.6875,184.212,24,63,1,0,3,1,0,4,0,0,0,0,0,1,1,1,0,1,0,0,1,0,0,1,0
0,66.36,1659,55.3,48.111,24,29,1,0,4,1,0,2,0,1,0,0,1,0,0,1,1,0,0,1,0,0,0,1,0
1,147.71428571428572,7238,219.33333333333334,231.616,48,32,0,0,3,0,0,3,0,0,1,0,0,1,1,2,1,1,1,0,1,0,0,0,0
1,81.29411764705883,2764,102.37037037037037,71.864,33,26,0,0,2,1,0,2,0,1,0,0,0,0,1,2,0,0,1,1,1,0,0,0,0
1,187.16,4679,129.97222222222223,163.765,24,35,0,0,3,1,0,3,0,1,0,0,0,0,1,2,0,1,0,0,0,1,0,1,0
0,123.68,3092,134.43478260869566,68.024,24,22,0,0,3,0,0,2,1,1,0,0,1,0,0,1,1,0,0,0,1,0,0,1,0
0,64.0,448,18.666666666666668,10.304,6,23,1,0,4,1,0,4,0,1,0,1,1,0,1,1,0,0,0,1,1,0,0,0,0
0,65.4,654,22.551724137931036,18.312,9,28,1,0,4,1,0,3,0,1,0,1,0,0,1,1,0,1,0,0,0,0,1,0,0
1,176.85714285714286,1238,33.45945945945946,44.568,6,36,0,0,4,0,0,4,0,1,1,1,0,0,1,1,0,1,0,0,0,0,0,0,0
0,65.52631578947368,1245,36.61764705882353,41.085,18,33,0,1,4,1,0,2,1,1,0,0,0,0,1,1,1,0,0,0,1,0,0,1,0
0,163.89473684210526,3114,115.33333333333333,80.964,18,26,1,0,1,1,0,4,0,1,0,0,1,0,0,1,0,0,0,1,1,0,0,1,1
1,64.225,2569,102.76,61.656,39,24,0,0,4,0,0,4,0,1,0,0,0,0,1,1,0,1,1,0,1,0,0,0,0
0,206.08,5152,198.15384615384616,128.8,24,25,0,0,4,1,0,2,0,0,0,0,0,1,1,1,1,1,0,0,1,1,0,1,0
0,79.76923076923077,1037,25.925,40.443,12,39,0,0,3,0,1,4,1,1,0,1,0,0,1,1,0,1,0,0,0,1,0,0,0
0,92.375,1478,32.84444444444444,65.032,15,44,1,1,4,1,0,4,0,1,0,0,0,0,1,2,0,1,0,0,1,0,0,1,1
0,274.84615384615387,3573,148.875,82.179,12,23,0,1,1,1,1,1,1,1,0,1,0,0,1,1,1,0,0,1,0,0,0,0,0
0,48.04,1201,44.48148148148148,31.226,24,26,0,0,4,1,0,1,1,1,0,0,1,0,1,1,0,1,0,0,1,0,1,1,0
0,116.83870967741936,3622,62.44827586206897,206.454,30,57,1,0,4,0,0,4,0,1,0,0,0,0,0,2,0,0,1,1,1,0,0,0,1
1,60.0,960,30.967741935483872,28.8,15,30,0,0,3,0,0,2,0,1,0,0,0,0,1,2,0,0,0,1,1,1,0,1,1
1,89.46153846153847,1163,25.844444444444445,51.172,12,44,0,1,4,0,1,4,0,1,0,1,0,0,1,1,0,1,0,0,1,0,1,0,0
0,172.71428571428572,1209,25.1875,56.823,6,47,0,0,4,1,0,4,1,1,0,1,0,0,1,1,0,1,0,0,0,0,1,0,0
1,236.69230769230768,3077,58.056603773584904,160.004,12,52,0,0,2,1,0,4,0,1,0,1,0,0,1,1,1,1,0,0,1,0,0,0,0
1,150.28,3757,59.63492063492063,232.934,24,62,0,0,4,1,0,4,0,1,0,0,0,0,0,1,0,0,0,1,1,0,1,1,0
1,128.9090909090909,1418,39.388888888888886,49.63,10,35,0,0,3,0,1,2,0,1,0,1,0,0,0,1,0,1,0,0,0,0,1,0,0
1,502.57142857142856,3518,130.2962962962963,91.468,6,26,0,0,2,1,0,3,0,1,0,1,0,0,0,1,0,1,0,0,1,0,1,0,0
1,148.76923076923077,1934,71.62962962962963,50.284,12,26,0,1,2,1,0,2,0,1,0,1,0,0,1,2,1,1,0,0,1,0,0,0,0
0,297.07142857142856,8318,193.4418604651163,349.356,27,42,0,0,2,1,0,4,1,1,0,0,0,0,0,2,0,0,1,1,0,0,0,0,0
1,176.71428571428572,1237,44.17857142857143,33.399,6,27,0,1,1,0,0,1,0,1,0,1,0,0,1,2,1,0,0,1,1,0,0,0,0
0,52.57142857142857,368,9.435897435897436,13.984,6,38,0,0,4,0,0,4,1,1,1,1,0,0,1,1,1,1,0,0,1,0,0,0,0
0,163.23076923076923,2122,53.05,82.758,12,39,1,1,3,1,1,2,0,1,0,1,0,0,0,2,0,1,0,0,0,0,1,0,0
0,119.84,2996,142.66666666666666,59.92,24,20,1,0,2,0,0,4,0,1,1,0,0,0,1,1,0,0,0,0,1,0,0,1,1
0,244.16216216216216,9034,301.1333333333333,261.986,36,29,0,0,4,0,0,1,1,1,0,0,1,0,0,1,0,1,1,0,0,0,0,0,1
1,63.4,1585,38.65853658536585,63.4,24,40,0,1,4,1,0,3,0,1,0,0,0,0,1,2,0,1,0,0,1,1,0,1,1
0,68.47368421052632,1301,39.42424242424242,41.632,18,32,0,0,4,1,1,2,1,1,0,0,0,0,1,1,1,0,0,0,0,0,0,1,0
0,189.0,1323,45.62068965517241,37.044,6,28,0,1,2,0,0,4,0,1,0,1,0,0,1,2,0,0,0,0,1,0,1,0,0
0,124.92,3123,111.53571428571429,84.321,24,27,1,0,4,1,0,1,0,1,0,0,1,0,1,1,0,0,0,1,1,0,1,1,0
0,148.45945945945945,5493,127.74418604651163,230.706,36,42,1,0,2,1,0,4,0,1,0,0,0,0,0,1,0,1,1,0,1,0,0,0,0
0,112.6,1126,22.52,55.174,9,49,0,0,2,0,1,4,0,1,0,1,0,0,1,1,1,0,0,0,1,0,0,0,0
0,48.64,1216,31.17948717948718,46.208,24,38,0,1,4,0,0,4,1,0,0,0,1,1,1,2,1,1,0,0,1,0,0,1,0
0,48.28,1207,48.28,28.968,24,24,1,0,4,1,0,4,0,1,0,0,1,0,0,1,0,0,0,1,1,0,1,1,0
1,119.0,1309,46.75,35.343,10,27,0,0,4,0,0,4,0,1,1,1,0,0,1,1,0,1,0,0,0,0,1,0,0
0,147.5,2360,63.78378378378378,84.96,15,36,0,1,2,0,0,2,0,1,0,0,0,0,1,1,0,1,0,0,1,0,0,1,0
0,428.125,6850,195.71428571428572,232.9,15,34,0,0,1,0,0,2,1,1,0,0,0,0,1,1,0,1,0,0,0,0,1,1,0
1,56.52,1413,48.724137931034484,39.564,24,28,0,0,4,1,0,2,0,1,0,0,0,0,1,1,1,0,0,0,1,0,0,1,0
1,214.7,8588,186.69565217391303,386.46,39,45,0,0,4,0,0,2,0,1,0,0,0,0,1,1,0,1,1,0,0,0,0,0,0
0,58.38461538461539,759,28.11111111111111,19.734,12,26,1,0,4,1,1,2,0,1,0,1,0,0,1,1,0,1,0,0,1,1,1,0,0
1,126.64864864864865,4686,142.0,149.952,36,32,0,0,2,1,0,2,0,1,0,0,0,0,0,1,0,1,1,0,0,0,0,0,0
0,167.9375,2687,99.51851851851852,69.862,15,26,0,0,2,1,0,4,0,1,0,0,0,0,0,1,0,1,0,0,1,1,0,1,0
0,45.0,585,27.857142857142858,11.7,12,20,0,0,4,1,1,4,1,1,0,1,0,0,0,2,1,0,0,0,1,0,0,0,0
1,90.2,2255,41.0,121.77,24,54,0,0,4,0,0,1,0,1,1,0,1,0,1,1,0,1,0,0,1,0,1,1,0
0,87.0,609,16.026315789473685,22.533,6,37,1,1,4,1,0,3,0,1,0,1,0,0,1,2,0,0,0,1,1,1,1,0,0
0,194.42857142857142,1361,33.19512195121951,54.44,6,40,1,1,2,1,1,4,0,1,0,1,1,0,1,1,0,1,0,0,0,0,1,0,0
1,192.6216216216216,7127,296.9583333333333,163.921,36,23,0,1,2,1,0,4,0,1,0,0,1,0,0,2,0,0,1,1,1,0,0,0,1
0,171.85714285714286,1203,27.34090909090909,51.729,6,43,1,0,3,0,0,2,0,1,0,1,0,0,1,1,0,1,0,0,1,0,1,0,0
1,100.0,700,18.91891891891892,25.2,6,36,0,1,4,0,0,4,0,1,1,1,0,0,0,2,1,1,0,0,1,0,0,0,0
1,220.28,5507,122.37777777777778,242.308,24,44,0,1,3,1,0,4,0,1,0,0,0,0,0,2,0,1,0,0,1,0,0,1,0
0,167.89473684210526,3190,127.6,76.56,18,24,1,0,2,1,1,2,0,1,0,0,0,0,1,1,1,0,0,1,1,0,0,1,0
0,145.28571428571428,7119,131.83333333333334,377.307,48,53,1,0,3,1,0,4,0,1,0,0,0,0,0,2,0,1,1,0,1,0,0,0,1
1,139.52,3488,145.33333333333334,80.224,24,23,0,0,3,0,0,4,0,1,0,0,0,0,1,1,0,0,0,1,1,1,0,1,0
0,58.578947368421055,1113,41.22222222222222,28.938,18,26,0,0,4,1,1,4,1,1,0,0,0,0,1,1,1,0,0,1,0,0,0,1,0
0,295.037037037037,7966,256.96774193548384,238.98,26,30,0,0,2,1,0,3,1,1,0,0,1,0,1,2,0,1,1,0,1,0,0,0,0
1,95.75,1532,47.875,47.492,15,31,0,1,4,0,0,3,0,1,0,0,0,0,1,1,0,0,0,1,1,0,0,1,0
1,300.6,1503,34.95348837209303,63.126,4,42,0,1,2,1,1,1,0,1,0,1,0,0,1,2,1,1,0,0,0,1,0,0,0
0,62.21621621621622,2302,71.9375,71.362,36,31,1,0,4,1,0,4,0,1,0,0,0,0,0,1,1,0,1,0,1,0,0,0,0
0,94.57142857142857,662,15.761904761904763,27.142,6,41,1,0,3,1,1,4,0,1,0,1,1,0,1,1,0,1,0,0,0,0,1,0,0
0,61.432432432432435,2273,68.87878787878788,72.736,36,32,0,0,3,1,0,1,1,1,0,0,0,0,1,2,0,1,1,0,1,1,0,0,0
0,164.4375,2631,90.72413793103448,73.668,15,28,0,0,2,0,0,4,1,1,0,0,0,0,0,2,0,0,0,1,1,0,1,1,0
1,115.61538461538461,1503,35.785714285714285,61.623,12,41,0,0,4,1,1,4,0,1,0,1,0,0,0,1,0,0,0,0,1,0,0,0,0
1,52.44,1311,48.55555555555556,34.086,24,26,0,0,4,0,0,3,0,1,0,0,0,0,1,1,1,0,0,0,1,1,0,1,0
1,124.2,3105,119.42307692307692,77.625,24,25,0,0,4,0,0,2,0,1,1,0,1,0,1,2,1,1,0,0,1,0,0,1,0
0,105.4090909090909,2319,68.20588235294117,76.527,21,33,0,1,2,1,0,1,0,1,0,0,1,0,0,1,0,0,0,0,1,0,0,1,0
0,196.28571428571428,1374,18.07894736842105,103.05,6,75,1,0,4,0,0,3,0,1,1,1,0,0,1,1,0,0,0,1,0,0,1,0,0
0,190.10526315789474,3612,95.05263157894737,133.644,18,37,0,1,3,1,0,4,1,1,0,0,0,0,1,1,0,0,0,1,1,0,0,1,1
0,158.42857142857142,7763,180.53488372093022,326.046,48,42,1,0,4,1,0,4,0,0,0,0,0,1,0,1,0,1,1,0,0,0,1,0,0
0,160.47368421052633,3049,66.28260869565217,137.205,18,45,0,0,1,1,0,1,0,0,0,0,1,0,1,1,0,0,0,1,0,0,0,1,1
0,118.0,1534,63.916666666666664,35.282,12,23,0,0,1,1,1,1,1,1,0,1,1,0,0,1,1,0,0,0,1,0,0,0,0
1,81.28,2032,33.31147540983606,121.92,24,60,0,0,4,1,0,4,0,1,0,0,0,0,0,2,0,1,0,0,1,0,1,1,0
0,204.83870967741936,6350,198.4375,196.85,30,31,1,0,4,0,0,4,0,1,1,0,0,0,1,1,0,1,1,0,1,0,0,0,1
0,150.73684210526315,2864,81.82857142857142,97.376,18,34,0,0,2,1,1,1,0,1,0,0,0,0,1,1,0,1,0,0,0,0,0,1,1
1,96.53846153846153,1255,20.241935483870968,76.555,12,61,0,1,4,1,1,4,0,1,0,1,0,0,1,2,0,1,0,0,0,0,1,0,0
0,53.32,1333,30.295454545454547,57.319,24,43,1,0,4,1,1,2,0,1,0,0,0,0,0,2,0,1,0,0,1,0,1,1,0
1,80.88,2022,53.21052631578947,74.814,24,37,0,1,4,1,0,4,0,1,0,0,0,0,1,1,0,0,0,1,1,0,1,1,0
1,62.08,1552,47.03030303030303,49.664,24,32,0,0,3,1,0,1,0,0,0,0,0,1,1,1,1,1,0,0,1,1,0,1,0
0,48.15384615384615,626,25.04,15.024,12,24,1,0,4,1,1,4,0,0,0,1,0,1,1,1,1,0,0,1,0,0,0,0,0
1,180.77551020408163,8858,246.05555555555554,310.03,48,35,0,1,2,0,0,1,0,1,1,0,0,0,0,2,0,1,1,0,1,1,0,0,0
1,76.61538461538461,996,41.5,22.908,12,23,0,1,4,0,1,4,0,1,1,1,0,0,1,2,0,0,0,1,1,1,0,0,0
1,250.0,1750,38.04347826086956,78.75,6,45,0,0,2,0,0,4,0,0,0,1,0,1,1,1,1,1,0,0,0,0,0,0,0
0,142.83673469387756,6999,199.97142857142856,237.966,48,34,1,0,1,1,1,1,0,1,0,0,0,0,1,2,1,0,1,0,1,1,0,0,0
0,153.46153846153845,1995,71.25,53.865,12,27,0,1,4,0,0,1,1,1,0,1,1,0,1,1,0,1,0,0,1,0,1,0,0
0,119.9,1199,17.63235294117647,80.333,9,67,0,0,4,1,0,4,1,1,0,1,0,0,1,2,0,0,0,1,0,1,0,0,0
0,102.38461538461539,1331,57.869565217391305,29.282,12,22,0,0,2,1,0,1,1,0,0,1,1,0,1,1,1,1,0,0,1,0,0,0,0
0,119.89473684210526,2278,78.55172413793103,63.784,18,28,0,0,3,0,0,3,1,1,0,0,1,0,1,2,0,0,0,1,1,0,1,1,0
1,227.4090909090909,5003,166.76666666666668,145.087,21,29,0,0,1,0,0,4,0,0,1,0,0,1,1,2,0,0,0,1,1,0,1,1,0
0,142.08,3552,126.85714285714286,95.904,24,27,1,0,3,1,0,4,0,0,0,0,0,1,1,1,0,1,0,0,1,1,0,1,1
0,101.47368421052632,1928,60.25,59.768,18,31,0,1,2,1,1,2,1,1,0,0,1,0,1,2,0,1,0,0,0,0,0,1,1
0,118.56,2964,59.28,145.236,24,49,1,0,4,0,0,4,0,0,1,0,0,1,0,1,0,1,0,0,1,0,0,1,0
0,61.84,1546,61.84,37.104,24,24,1,0,4,1,0,4,0,0,0,0,0,1,0,1,1,1,0,0,0,1,0,1,0
0,97.57142857142857,683,22.766666666666666,19.807,6,29,0,0,2,1,0,1,0,0,0,1,1,1,1,1,1,0,0,1,1,0,0,0,0
0,334.8378378378378,12389,326.0263157894737,458.393,36,37,0,0,1,0,0,4,1,1,1,0,0,0,0,1,0,1,1,0,1,0,1,0,0
0,188.48,4712,124.0,174.344,24,37,0,0,4,0,0,2,1,0,1,0,0,1,1,2,0,1,0,0,0,0,0,1,0
0,62.12,1553,64.70833333333333,35.719,24,23,0,0,3,0,0,2,1,1,0,0,0,0,0,2,1,0,0,1,1,1,0,1,0
0,105.53846153846153,1372,37.08108108108108,49.392,12,36,1,0,2,1,0,3,0,1,0,1,0,0,1,1,0,0,0,0,1,1,1,0,0
1,103.12,2578,73.65714285714286,87.652,24,34,0,1,2,0,0,2,0,1,0,0,0,0,1,1,1,1,0,0,1,0,0,1,0
0,81.20408163265306,3979,94.73809523809524,163.139,48,41,0,0,4,0,0,1,1,1,1,0,0,0,1,2,1,1,1,0,1,1,0,0,0
0,137.91836734693877,6758,211.1875,209.498,48,31,1,0,3,1,0,2,0,1,0,0,0,0,1,1,1,0,1,1,1,0,0,0,0
0,129.36,3234,134.75,74.382,24,23,1,0,4,1,1,4,0,1,0,0,1,0,0,1,0,0,0,1,0,0,0,1,1
1,192.06451612903226,5954,152.66666666666666,226.252,30,38,0,1,3,1,0,2,0,1,0,0,0,0,1,1,1,1,1,0,1,1,0,0,0
1,217.32,5433,201.22222222222223,141.258,24,26,0,0,2,0,0,4,0,1,1,0,0,0,0,1,0,0,0,1,0,0,0,1,0
0,50.375,806,35.04347826086956,17.732,15,22,1,0,4,1,0,4,0,1,0,0,0,0,1,1,0,0,0,1,0,0,0,1,0
0,108.2,1082,38.642857142857146,29.214,9,27,0,0,4,1,0,4,1,1,0,1,0,0,1,2,1,1,0,0,0,0,0,0,0
1,174.25,2788,111.52,66.912,15,24,0,1,2,1,0,3,0,0,0,0,0,1,1,2,0,0,0,1,1,1,0,1,1
0,225.3846153846154,2930,104.64285714285714,79.11,12,27,0,0,2,1,1,1,1,1,0,1,0,0,1,1,1,0,0,1,1,1,0,0,0
1,77.08,1927,56.6764705882353,63.591,24,33,0,1,3,0,0,2,0,1,1,0,0,0,1,2,0,0,0,1,1,0,0,1,0
0,76.21621621621621,2820,100.71428571428571,76.14,36,27,0,1,4,1,0,4,1,1,0,0,1,0,1,2,0,0,1,0,1,0,1,0,0
1,37.48,937,33.464285714285715,25.299,24,27,0,0,4,1,0,3,0,1,0,0,1,0,1,2,0,0,0,0,0,0,0,1,0
0,55.578947368421055,1056,34.064516129032256,31.68,18,30,0,1,3,1,1,3,1,0,0,0,0,1,1,2,0,1,0,0,1,0,1,1,0
0,240.30769230769232,3124,62.48,153.076,12,49,0,1,1,1,1,3,1,0,0,1,1,1,1,2,0,1,0,0,0,0,1,0,0
1,138.8,1388,51.407407407407405,36.088,9,26,0,0,4,1,1,2,0,1,0,1,0,0,0,1,0,0,0,1,1,0,0,0,1
0,64.43243243243244,2384,70.11764705882354,78.672,36,33,0,0,4,1,0,1,1,1,0,0,1,0,0,1,0,1,1,0,0,0,0,0,0
1,164.07692307692307,2133,40.24528301886792,110.916,12,52,0,0,4,0,0,4,0,1,1,1,0,0,0,1,0,0,0,1,0,0,1,0,0
0,107.3157894736842,2039,97.0952380952381,40.78,18,20,1,0,1,1,1,4,0,0,0,0,0,1,0,1,0,0,0,1,1,0,0,1,1
0,279.9,2799,75.64864864864865,100.764,9,36,1,1,2,1,1,2,0,1,0,1,0,0,0,2,0,1,0,0,1,0,1,0,0
0,99.15384615384616,1289,58.59090909090909,27.069,12,21,1,0,4,1,0,1,0,1,0,1,0,0,1,1,0,1,0,0,0,0,0,0,1
0,64.05263157894737,1217,25.354166666666668,57.199,18,47,1,0,4,1,1,3,0,1,0,0,0,0,1,1,0,0,0,0,0,0,0,1,0
0,172.76923076923077,2246,36.81967213114754,134.76,12,60,1,1,3,1,0,3,0,1,0,1,0,0,1,2,0,1,0,0,1,0,0,0,1
0,29.615384615384617,385,6.52542372881356,22.33,12,58,1,1,4,1,1,3,0,1,0,1,0,0,1,4,1,0,0,1,0,1,0,0,0
0,78.6,1965,45.69767441860465,82.53,24,42,0,0,4,0,0,4,1,1,1,0,0,0,0,2,0,0,0,1,1,0,1,1,0
1,71.45454545454545,1572,42.486486486486484,56.592,21,36,0,0,4,0,1,4,0,0,0,0,0,1,1,1,0,0,0,1,0,0,0,1,0
0,108.72,2718,129.42857142857142,54.36,24,20,0,0,3,1,0,4,1,1,0,0,0,0,0,1,0,0,0,1,0,0,1,1,0
0,54.32,1358,33.1219512195122,54.32,24,40,1,0,4,0,0,3,0,0,1,0,0,0,1,1,0,1,0,0,0,0,0,1,0
0,133.0,931,28.21212121212121,29.792,6,32,0,0,1,0,0,1,1,0,0,1,1,0,1,1,0,0,0,1,0,0,1,0,0
0,57.68,1442,60.083333333333336,33.166,24,23,1,0,4,1,0,4,0,1,0,0,0,0,0,2,0,0,0,1,1,1,1,1,0
0,169.64,4241,114.62162162162163,152.676,24,36,0,0,1,1,1,4,1,1,0,0,0,0,1,3,0,1,0,0,0,0,0,1,0
1,146.05263157894737,2775,86.71875,86.025,18,31,0,1,2,1,0,2,0,0,0,0,0,1,1,2,0,1,0,0,1,1,1,1,0
1,154.52,3863,117.06060606060606,123.616,24,32,0,0,1,1,0,2,0,1,0,0,0,0,0,1,0,1,0,0,1,0,0,1,0
0,291.125,2329,50.630434782608695,104.805,7,45,0,0,1,1,1,1,1,1,0,1,1,0,1,1,1,0,0,1,1,0,0,0,0
0,91.8,918,29.612903225806452,27.54,9,30,0,0,4,1,0,1,1,1,0,1,0,0,1,1,0,0,0,1,1,0,0,0,1
0,73.48,1837,52.48571428571429,62.458,24,34,0,0,4,1,0,4,1,0,0,0,0,1,0,1,0,0,0,1,0,1,0,1,0
1,90.51351351351352,3349,115.48275862068965,93.772,36,28,0,0,4,1,0,2,0,1,0,0,0,0,1,1,0,0,1,1,0,0,0,0,1
0,115.9090909090909,1275,53.125,29.325,10,23,0,0,4,1,0,2,0,1,0,1,1,0,1,1,0,0,0,1,1,0,0,0,1
0,113.12,2828,122.95652173913044,62.216,24,22,1,0,4,0,1,4,0,0,0,0,0,0,1,1,0,1,0,0,1,0,0,1,1
1,181.04,4526,60.346666666666664,334.924,24,74,0,1,3,1,1,2,0,1,0,0,0,0,1,1,0,1,0,0,0,0,0,1,0
0,72.1891891891892,2671,52.372549019607845,133.55,36,50,0,0,4,0,0,4,1,1,0,0,0,0,0,1,1,0,1,1,1,0,0,0,0
1,107.94736842105263,2051,60.3235294117647,67.683,18,33,0,0,4,1,1,1,0,1,0,0,1,0,1,1,1,1,0,0,1,0,0,1,0
1,81.25,1300,28.26086956521739,58.5,15,45,0,0,4,0,0,4,0,0,1,0,0,1,0,1,0,1,0,0,1,0,0,1,0
0,57.0,741,32.21739130434783,16.302,12,22,1,0,4,0,0,3,0,1,0,1,0,0,1,1,0,0,0,1,1,0,0,0,0
0,112.72727272727273,1240,25.306122448979593,59.52,10,48,0,0,1,0,0,4,0,1,0,1,0,0,0,1,0,0,0,1,0,0,1,0,0
0,152.5909090909091,3357,111.9,97.353,21,29,1,0,4,0,0,2,0,0,0,0,1,1,1,1,1,0,0,1,1,0,0,1,0
0,145.28,3632,157.91304347826087,79.904,24,22,1,0,1,1,0,4,0,0,0,0,0,1,0,1,0,0,0,1,1,0,0,1,0
1,95.15789473684211,1808,78.6086956521739,39.776,18,22,0,0,4,1,1,1,0,1,0,0,0,0,1,1,0,0,0,1,1,1,0,1,1
0,249.0612244897959,12204,249.0612244897959,585.792,48,48,0,0,2,0,0,2,1,0,1,0,0,1,1,1,0,1,1,0,0,0,0,0,0
0,150.11475409836066,9157,327.0357142857143,247.239,60,27,0,0,2,0,0,2,1,1,1,0,0,0,0,1,1,1,1,0,0,0,0,0,0
0,525.1428571428571,3676,96.73684210526316,136.012,6,37,1,1,1,1,1,3,0,1,0,1,0,0,0,3,0,1,0,0,1,0,1,0,0
0,111.0,3441,156.4090909090909,72.261,30,21,0,0,2,0,0,4,1,1,0,0,0,0,0,1,0,0,1,1,1,0,0,0,1
1,49.23076923076923,640,12.8,31.36,12,49,0,0,4,1,1,2,0,1,0,1,0,0,1,1,0,0,0,0,0,0,1,0,0
0,166.0,3652,130.42857142857142,98.604,21,27,0,1,2,1,0,3,1,1,0,0,0,0,1,2,0,1,0,0,1,1,0,1,0
1,80.52631578947368,1530,46.36363636363637,48.96,18,32,0,1,3,1,0,2,0,0,0,0,0,1,1,2,0,1,0,0,1,0,1,1,0
1,79.87755102040816,3914,100.35897435897436,148.732,48,38,0,0,4,0,1,2,0,0,1,0,0,1,1,1,0,0,1,0,1,0,0,0,0
0,142.92307692307693,1858,80.78260869565217,40.876,12,22,1,0,4,1,0,1,0,1,0,1,1,0,0,1,0,0,0,1,1,0,0,0,1
0,136.8421052631579,2600,39.39393939393939,169.0,18,65,1,0,4,1,0,4,0,1,0,0,0,0,0,2,1,1,0,0,1,0,0,1,0
1,123.6875,1979,54.97222222222222,69.265,15,35,0,0,4,0,0,2,0,1,1,0,0,0,1,1,1,1,0,0,1,0,0,1,0
0,302.2857142857143,2116,50.38095238095238,86.756,6,41,0,0,2,1,1,2,0,1,0,1,0,0,1,1,0,1,0,0,1,0,0,0,1
0,143.7,1437,47.9,41.673,9,29,0,0,2,0,0,3,1,1,0,1,0,0,1,1,0,1,0,0,1,1,1,0,0
1,94.0,4042,109.24324324324324,145.512,42,36,0,1,4,0,1,4,0,1,0,0,0,0,1,2,0,1,1,0,1,0,0,0,1
1,383.2,3832,58.95384615384615,245.248,9,64,0,0,1,0,1,4,0,1,1,1,0,0,1,1,0,1,0,0,0,0,0,0,0
0,146.4,3660,126.20689655172414,102.48,24,28,1,0,2,1,0,4,0,1,0,0,0,0,1,1,1,0,0,1,1,0,0,1,0
0,81.73684210526316,1553,34.51111111111111,68.332,18,44,1,0,4,1,0,3,0,0,0,0,0,1,1,1,0,1,0,0,1,0,0,1,1
0,90.25,1444,60.166666666666664,33.212,15,23,0,0,4,0,0,1,1,1,1,0,1,0,1,1,1,1,0,0,1,0,0,1,0
1,198.0,1980,99.0,37.62,9,19,0,0,2,1,0,2,0,1,0,1,1,0,0,2,0,0,0,1,1,0,0,0,1
0,54.2,1355,52.11538461538461,33.875,24,25,0,0,3,1,0,4,1,1,0,0,1,0,1,1,0,0,0,1,0,0,1,1,0
1,107.15384615384616,1393,29.020833333333332,65.471,12,47,0,0,4,1,0,4,0,0,0,1,0,1,1,3,0,1,0,0,1,0,0,0,0
1,55.04,1376,47.44827586206897,38.528,24,28,0,0,4,0,0,1,0,1,0,0,0,0,1,1,1,0,0,1,1,1,0,1,0
1,256.60655737704917,15653,711.5,328.713,60,21,0,0,2,1,0,4,0,1,0,0,0,0,1,2,1,1,1,0,1,1,0,0,0
1,114.84615384615384,1493,42.65714285714286,50.762,12,34,0,0,4,1,0,3,0,1,0,1,1,0,1,1,1,0,0,1,1,0,0,0,0
0,101.62790697674419,4370,161.85185185185185,113.62,42,26,1,0,3,1,0,2,0,0,0,0,0,1,1,2,1,1,1,0,1,1,0,0,0
0,39.473684210526315,750,26.785714285714285,20.25,18,27,1,0,4,1,1,1,0,1,0,0,0,0,1,1,0,0,0,1,0,0,0,1,0
0,81.75,1308,33.53846153846154,49.704,15,38,0,0,4,1,0,4,1,1,0,0,0,0,1,2,0,1,0,0,0,0,0,1,0
1,288.9375,4623,112.7560975609756,184.92,15,40,0,0,3,0,0,2,0,1,0,0,0,0,1,1,0,1,0,0,0,0,0,1,0
1,74.04,1851,54.44117647058823,61.083,24,33,0,1,4,1,0,2,0,1,0,0,0,0,1,2,1,0,0,0,1,1,0,1,0
0,98.94736842105263,1880,56.96969696969697,60.16,18,32,1,1,4,1,0,1,0,1,0,0,0,0,1,2,1,0,0,0,0,1,0,1,0
1,215.67567567567568,7980,285.0,215.46,36,27,0,0,4,0,0,4,0,1,1,0,1,0,0,2,0,1,1,0,1,0,0,0,0
0,147.83870967741936,4583,138.87878787878788,146.656,30,32,1,0,2,1,1,2,0,1,0,0,0,0,1,2,0,0,1,0,1,0,0,0,1
1,106.61538461538461,1386,51.333333333333336,36.036,12,26,0,0,2,0,0,2,0,1,0,1,0,0,1,1,0,0,0,1,1,0,1,0,0
0,37.88,947,24.28205128205128,35.986,24,38,0,0,4,1,0,3,0,0,0,0,0,1,0,1,0,1,0,0,1,1,1,1,0
0,52.61538461538461,684,16.682926829268293,27.36,12,40,1,0,4,1,0,4,0,1,0,1,0,0,0,1,0,1,0,0,0,0,0,0,0
0,152.57142857142858,7476,146.58823529411765,373.8,48,50,1,0,4,1,0,1,0,1,0,0,0,0,0,1,0,1,1,0,0,1,0,0,0
0,147.84615384615384,1922,50.578947368421055,71.114,12,37,0,0,4,1,0,2,1,1,0,1,0,0,1,1,0,1,0,0,0,0,0,0,1
0,92.12,2303,50.06521739130435,103.635,24,45,1,0,4,1,1,1,0,1,0,0,0,0,1,1,0,1,0,0,1,0,1,1,0
0,218.54054054054055,8086,188.04651162790697,339.612,36,42,0,0,2,0,0,4,1,1,0,0,0,0,1,4,0,1,1,0,0,0,1,0,0
1,93.84,2346,65.16666666666667,82.11,24,35,0,1,4,1,0,3,0,1,0,0,0,0,1,2,0,1,0,0,1,1,0,1,0
0,264.8666666666667,3973,172.7391304347826,87.406,14,22,1,0,1,1,0,4,0,1,0,0,0,0,0,1,0,1,0,0,1,0,1,1,0
0,68.3076923076923,888,21.142857142857142,36.408,12,41,0,0,4,1,0,4,1,0,0,1,0,1,1,1,0,1,0,0,0,0,1,0,0
1,208.6122448979592,10222,269.0,378.214,48,37,0,0,4,0,0,3,0,0,1,0,0,0,1,1,1,1,1,0,1,1,0,0,0
0,136.16129032258064,4221,145.55172413793105,118.188,30,28,0,0,2,1,0,1,1,1,0,0,0,0,1,2,0,0,1,1,1,0,0,0,0
0,334.7894736842105,6361,151.45238095238096,260.801,18,41,0,1,2,1,0,1,1,1,0,0,0,0,1,1,0,1,0,0,1,0,0,1,1
0,99.76923076923077,1297,54.041666666666664,29.831,12,23,0,0,3,1,1,4,0,1,0,1,0,0,0,1,1,0,0,0,1,0,0,0,0
0,69.23076923076923,900,37.5,20.7,12,23,1,0,4,0,0,2,0,1,1,1,0,0,1,1,0,0,0,0,1,0,1,0,0
1,101.86363636363636,2241,43.94117647058823,112.05,21,50,0,0,4,1,1,2,0,1,0,0,0,0,1,2,0,1,0,0,1,0,0,1,1
0,150.0,1050,29.166666666666668,36.75,6,35,0,0,4,1,0,1,1,0,0,1,0,0,1,2,0,1,0,0,0,0,0,0,1
0,149.57142857142858,1047,20.529411764705884,52.35,6,50,0,1,2,1,0,4,0,1,0,1,0,0,1,1,0,0,0,1,0,0,0,0,0
1,252.56,6314,225.5,170.478,24,27,0,1,4,1,0,2,0,0,0,0,0,1,1,2,0,1,0,0,0,0,0,1,0
0,112.7741935483871,3496,99.88571428571429,118.864,30,34,0,0,4,0,0,2,1,0,0,0,0,0,1,1,0,1,1,0,1,0,0,0,1
1,73.65306122448979,3609,128.89285714285714,97.443,48,27,0,0,1,1,1,1,0,0,0,0,0,0,1,1,0,0,1,1,1,0,0,0,0
0,372.53846153846155,4843,110.06818181818181,208.249,12,43,1,1,3,1,0,4,0,1,0,1,0,0,0,2,0,1,0,0,1,0,1,0,0
0,97.3225806451613,3017,62.854166666666664,141.799,30,47,0,1,4,1,0,4,0,1,0,0,0,0,1,1,1,1,1,0,1,0,0,0,0
1,165.56,4139,147.82142857142858,111.753,24,27,0,1,3,0,0,3,0,1,0,0,0,0,1,2,0,1,0,0,0,0,0,1,0
1,155.1891891891892,5742,179.4375,178.002,36,31,0,0,2,0,0,2,0,1,0,0,0,0,1,2,0,1,1,0,1,1,0,0,0
1,169.9344262295082,10366,241.06976744186048,435.372,60,42,0,0,2,1,0,4,0,1,0,0,0,0,1,1,0,1,1,0,0,0,1,0,0
1,297.14285714285717,2080,83.2,49.92,6,24,0,1,1,0,0,2,0,1,0,1,0,0,1,1,0,0,0,0,1,0,1,0,0
1,117.27272727272727,2580,61.42857142857143,105.78,21,41,0,0,4,0,1,2,0,0,0,0,1,1,1,1,0,1,0,0,0,0,0,1,0
1,146.1290322580645,4530,167.77777777777777,117.78,30,26,0,1,4,1,0,4,0,1,0,0,0,0,0,1,1,0,1,1,0,1,0,0,0
1,206.0,5150,151.47058823529412,169.95,24,33,0,1,4,1,0,4,0,1,0,0,0,0,1,1,0,1,0,0,1,0,0,1,1
0,76.64383561643835,5595,223.8,134.28,72,24,0,0,2,0,0,2,1,1,0,0,0,0,1,1,1,0,1,0,1,0,0,0,0
0,95.36,2384,36.676923076923075,152.576,24,64,1,0,4,1,1,4,0,0,0,0,0,1,0,1,1,1,0,0,0,0,0,1,0
1,76.47368421052632,1453,53.81481481481482,37.778,18,26,0,0,3,1,1,1,0,1,0,0,1,0,1,1,1,0,0,1,1,0,0,1,0
1,219.71428571428572,1538,26.982456140350877,86.128,6,56,0,0,1,1,0,2,0,1,0,1,1,0,1,1,0,0,0,1,1,0,0,0,0
1,175.30769230769232,2279,59.973684210526315,84.323,12,37,0,0,4,0,0,4,0,1,1,1,0,0,0,1,1,1,0,0,1,0,0,0,0
1,92.375,1478,43.470588235294116,48.774,15,33,0,0,4,1,1,3,0,0,0,0,0,1,1,2,1,0,0,0,1,0,0,1,0
1,204.12,5103,106.3125,239.841,24,47,0,1,3,1,0,3,0,1,0,0,1,0,0,3,1,0,0,0,1,0,0,1,0
0,266.4054054054054,9857,308.03125,305.567,36,31,0,0,1,0,0,3,1,1,0,0,0,0,1,2,0,1,1,0,0,1,0,0,0
1,107.0,6527,186.4857142857143,221.918,60,34,0,0,4,0,0,4,0,1,1,0,0,0,0,1,0,1,1,0,1,0,1,0,0
0,122.45454545454545,1347,48.107142857142854,36.369,10,27,0,1,4,0,0,2,0,1,1,1,0,0,1,2,1,1,0,0,1,1,0,0,0
0,77.35135135135135,2862,92.3225806451613,85.86,36,30,0,0,4,0,0,3,1,1,0,0,0,0,0,1,0,1,1,0,1,0,1,0,0
1,275.3,2753,76.47222222222223,96.355,9,35,0,0,3,0,0,4,0,1,0,1,0,0,1,1,1,1,0,0,1,0,0,0,0
0,280.84615384615387,3651,114.09375,113.181,12,31,1,0,1,0,0,3,0,1,0,1,0,0,1,1,0,1,0,0,1,0,1,0,0
0,60.9375,975,37.5,24.375,15,25,1,1,2,1,0,3,0,1,0,0,0,0,1,2,0,0,0,0,1,0,0,1,1
0,164.4375,2631,101.1923076923077,65.775,15,25,0,0,3,0,1,2,1,1,0,0,0,0,1,1,0,0,0,1,0,0,0,1,0
0,115.84,2896,96.53333333333333,83.984,24,29,0,0,2,0,0,1,1,1,0,0,1,0,1,1,1,1,0,0,1,0,0,1,0
0,673.7142857142857,4716,104.8,207.504,6,44,1,1,1,0,1,3,0,1,1,1,1,0,1,2,0,1,0,0,0,0,1,0,0
1,91.36,2284,78.75862068965517,63.952,24,28,0,0,4,1,0,2,0,1,0,0,0,0,1,1,1,1,0,0,1,1,0,1,0
1,176.57142857142858,1236,24.235294117647058,61.8,6,50,0,0,2,0,0,4,0,1,0,1,0,0,0,1,0,1,0,0,1,0,0,0,0
0,84.84615384615384,1103,36.766666666666666,31.987,12,29,0,0,4,1,1,3,1,1,0,1,0,0,1,2,1,1,0,0,1,1,0,0,0
1,71.23076923076923,926,23.743589743589745,35.188,12,38,0,1,1,1,0,2,0,1,0,1,0,0,1,1,0,0,0,1,0,0,1,0,0
1,94.73684210526316,1800,72.0,43.2,18,24,0,1,4,1,0,2,0,1,0,0,0,0,1,2,1,1,0,0,1,0,0,1,0
0,119.0625,1905,46.46341463414634,76.2,15,40,0,0,4,1,0,4,0,1,0,0,0,0,0,1,0,1,0,0,0,0,0,1,0
1,86.38461538461539,1123,37.43333333333333,32.567,12,29,0,0,4,0,0,4,0,1,0,1,0,0,0,1,0,0,0,1,0,0,0,0,1
0,129.20408163265307,6331,134.70212765957447,291.226,48,46,1,1,4,1,0,4,0,1,0,0,0,0,0,2,0,1,1,0,1,0,0,0,0
0,55.08,1377,28.6875,64.719,24,47,0,0,4,0,0,2,0,1,0,0,0,0,0,1,1,0,0,1,1,0,0,1,0
0,80.74193548387096,2503,59.595238095238095,102.623,30,41,0,0,4,0,0,2,1,0,0,0,0,0,1,2,0,1,1,0,1,0,0,0,0
0,90.28571428571429,2528,76.60606060606061,80.896,27,32,0,0,4,1,0,1,1,1,0,0,1,0,1,1,0,0,1,1,1,0,0,0,0
1,332.75,5324,147.88888888888889,186.34,15,35,0,0,1,0,0,4,0,1,0,0,0,0,0,1,0,0,0,1,1,0,1,1,0
0,133.87755102040816,6560,262.4,157.44,48,24,0,0,3,0,0,2,1,1,0,0,0,0,1,1,0,1,1,0,1,1,1,0,0
0,228.3846153846154,2969,114.1923076923077,74.225,12,25,0,0,4,1,0,3,1,1,0,1,1,0,0,2,0,0,0,1,1,0,0,0,1
0,120.6,1206,46.38461538461539,30.15,9,25,0,0,4,1,1,4,1,1,0,1,0,0,1,1,1,0,0,1,1,0,0,0,0
0,211.8,2118,55.73684210526316,78.366,9,37,0,0,2,1,1,2,1,1,0,1,0,0,1,1,1,1,0,0,0,0,0,0,0
1,33.10526315789474,629,19.060606060606062,20.128,18,32,0,1,4,0,0,3,0,0,0,0,0,1,1,2,1,1,0,0,0,0,0,1,0
0,171.14285714285714,1198,33.27777777777778,41.93,6,35,1,0,4,1,0,4,0,1,0,1,0,0,0,1,0,0,0,1,1,0,0,0,0
1,112.54545454545455,2476,52.680851063829785,113.896,21,46,0,0,4,0,1,4,0,1,1,0,0,0,1,1,0,1,0,0,0,0,0,1,0
0,113.8,1138,43.76923076923077,28.45,9,25,1,1,4,1,1,4,0,1,0,1,0,0,1,2,1,1,0,0,0,0,0,0,0
0,229.95081967213116,14027,500.9642857142857,378.729,60,27,0,0,4,1,0,2,1,1,0,0,0,0,1,1,0,1,1,0,0,1,1,0,0
1,245.03225806451613,7596,118.6875,478.548,30,63,0,1,1,0,0,4,0,1,1,0,0,0,1,2,0,1,1,0,1,0,0,0,0
1,99.25806451612904,3077,75.04878048780488,123.08,30,40,0,1,3,0,0,2,0,1,1,0,0,0,1,2,1,1,1,0,1,0,0,0,0
1,79.21052631578948,1505,45.60606060606061,48.16,18,32,0,0,4,1,0,2,0,1,0,0,0,0,0,1,1,1,0,0,0,0,0,1,0
0,125.92,3148,98.375,97.588,24,31,0,1,3,0,0,2,0,1,1,0,0,0,1,2,1,1,0,0,1,0,0,1,0
0,292.76190476190476,6148,192.125,190.588,20,31,0,0,3,0,0,4,1,0,0,0,0,1,1,2,0,0,0,0,1,0,0,1,0
0,133.7,1337,38.2,45.458,9,34,0,0,4,1,0,2,0,1,0,1,1,0,1,2,1,1,0,0,0,0,0,0,0
0,61.857142857142854,433,17.32,10.392,6,24,0,0,4,0,0,2,1,0,0,1,1,1,0,1,0,0,0,1,1,0,0,0,0
0,94.46153846153847,1228,49.12,29.472,12,24,1,0,4,1,1,2,0,1,0,1,0,0,1,1,0,0,0,1,0,0,1,0,0
0,79.0,790,11.791044776119403,52.14,9,66,0,0,4,0,1,3,1,1,0,1,0,0,1,1,1,0,0,1,0,0,0,0,0
1,91.78571428571429,2570,116.81818181818181,53.97,27,21,0,0,3,1,1,3,0,1,0,0,0,0,0,1,0,0,1,1,1,0,1,0,0
1,35.714285714285715,250,5.9523809523809526,10.25,6,41,0,1,2,0,1,2,0,0,0,1,0,1,1,2,0,0,0,1,0,0,1,0,0
1,82.25,1316,27.416666666666668,61.852,15,47,0,1,2,0,0,2,0,1,0,0,0,0,1,2,1,0,0,0,0,0,0,1,0
0,99.05263157894737,1882,72.38461538461539,47.05,18,25,1,0,4,1,0,4,0,0,0,0,0,1,0,2,1,0,0,1,1,0,0,1,0
0,130.9387755102041,6416,106.93333333333334,378.544,48,59,0,0,4,1,0,3,1,1,0,0,0,0,0,1,0,0,1,1,1,0,0,0,0
0,51.0,1275,34.45945945945946,45.9,24,36,0,1,2,0,1,4,0,1,0,0,0,0,1,2,0,0,0,0,1,0,0,1,0
0,256.12,6403,188.3235294117647,211.299,24,33,0,0,1,1,0,2,1,1,0,0,1,0,1,1,1,1,0,0,1,0,0,1,0
0,79.48,1987,90.31818181818181,41.727,24,21,1,0,2,1,1,4,0,1,0,0,0,0,0,1,1,1,0,0,0,0,0,1,0
0,84.44444444444444,760,16.88888888888889,33.44,8,44,0,0,4,1,1,2,1,1,0,1,0,0,1,1,1,0,0,1,0,1,0,0,0
1,104.12,2603,89.75862068965517,72.884,24,28,0,0,2,0,0,4,0,1,0,0,0,0,0,1,0,0,0,1,1,0,0,1,0
1,676.0,3380,88.94736842105263,125.06,4,37,0,1,1,1,1,1,0,1,0,1,0,0,1,1,0,0,0,1,1,1,1,0,0
0,107.83783783783784,3990,133.0,115.71,36,29,0,0,3,0,0,2,1,0,1,0,1,1,1,1,0,0,1,1,0,0,0,0,0
0,462.4,11560,481.6666666666667,265.88,24,23,0,0,1,1,0,4,1,1,0,0,0,0,0,2,0,0,0,1,0,0,0,1,0
0,230.52631578947367,4380,121.66666666666667,153.3,18,35,1,0,3,0,0,4,0,1,0,0,0,0,1,1,0,1,0,0,0,0,1,1,0
1,965.8571428571429,6761,146.97826086956522,304.245,6,45,0,1,1,1,0,3,0,1,0,1,0,0,1,2,0,1,0,0,0,1,1,0,0
0,138.06451612903226,4280,158.5185185185185,111.28,30,26,0,0,4,0,0,4,1,1,0,0,0,0,0,2,0,0,1,1,0,0,0,0,0
0,93.0,2325,70.45454545454545,74.4,24,32,1,0,2,0,0,3,0,0,0,0,0,1,1,1,0,1,0,0,1,1,1,1,0
0,95.27272727272727,1048,43.666666666666664,24.104,10,23,0,0,4,1,1,4,1,0,0,1,0,0,1,1,1,1,0,0,0,0,0,0,0
1,143.63636363636363,3160,75.23809523809524,129.56,21,41,0,0,4,0,0,3,0,1,1,0,0,0,1,1,1,1,0,0,1,0,0,1,0
0,99.32,2483,107.95652173913044,54.626,24,22,1,0,4,0,1,4,0,0,0,0,0,0,1,1,0,1,0,0,1,0,0,1,1
0,354.475,14179,457.38709677419354,425.37,39,30,1,1,4,0,0,4,0,1,1,0,0,0,1,2,0,1,1,0,0,1,0,0,1
0,128.35714285714286,1797,61.96551724137931,50.316,13,28,1,1,3,1,0,1,0,0,0,0,1,1,1,2,0,1,0,0,0,0,0,1,0
0,156.9375,2511,104.625,57.753,15,23,1,0,1,1,0,4,0,1,0,0,0,0,0,1,0,0,0,1,1,0,1,1,0
0,98.0,1274,33.526315789473685,47.138,12,37,1,0,3,1,1,1,0,1,0,1,1,0,1,1,0,0,0,1,0,0,1,0,0
1,238.54545454545453,5248,194.37037037037038,136.448,21,26,0,0,1,0,0,3,0,1,1,0,0,0,1,1,0,1,0,0,1,0,0,1,0
1,189.3125,3029,89.08823529411765,99.957,15,33,0,0,2,1,0,2,0,1,0,0,0,0,1,1,0,1,0,0,1,1,0,1,0
0,61.142857142857146,428,8.56,20.972,6,49,1,0,2,1,0,1,0,0,0,1,0,1,1,1,0,0,0,1,1,0,0,0,1
0,51.36842105263158,976,40.666666666666664,22.448,18,23,1,0,1,1,0,2,0,1,0,0,1,0,1,1,0,0,0,1,0,0,1,1,0
0,64.6923076923077,841,35.041666666666664,19.343,12,23,0,0,2,0,1,4,1,1,0,1,0,0,0,1,0,0,0,1,0,1,0,0,0
1,186.16129032258064,5771,221.96153846153845,144.275,30,25,0,1,4,1,0,2,0,1,0,0,0,0,1,2,1,0,1,1,1,1,0,0,0
1,119.61538461538461,1555,27.767857142857142,85.525,12,55,0,0,4,0,0,4,0,1,0,1,0,0,0,2,0,1,0,0,1,0,0,0,0
0,51.4,1285,38.93939393939394,41.12,24,32,1,0,4,0,0,4,0,1,1,0,0,0,0,1,0,0,0,1,1,1,1,1,0
0,185.57142857142858,1299,17.32,96.126,6,74,0,1,1,1,1,1,0,1,0,1,0,0,1,3,0,1,0,0,0,0,1,0,0
0,79.4375,1271,31.775,49.569,15,39,0,1,3,0,0,4,0,1,1,0,0,0,0,2,1,1,0,0,1,0,0,1,0
1,55.72,1393,43.53125,43.183,24,31,0,0,2,1,1,2,0,1,0,0,0,0,1,1,0,1,0,0,1,0,1,1,0
0,53.15384615384615,691,19.194444444444443,24.185,12,35,1,1,4,1,0,3,0,1,0,1,0,0,1,2,0,1,0,0,1,0,1,0,0
1,315.3125,5045,84.08333333333333,297.655,15,59,0,1,1,0,0,4,0,1,1,0,0,0,1,1,0,0,0,1,1,0,1,1,0
0,111.78947368421052,2124,84.96,50.976,18,24,1,1,4,1,1,4,0,1,0,0,0,0,0,2,0,0,0,1,1,0,0,1,1
0,170.30769230769232,2214,88.56,53.136,12,24,1,0,4,1,0,3,0,1,0,1,0,0,1,1,1,1,0,0,0,0,0,0,0
1,576.3636363636364,12680,409.03225806451616,380.4,21,30,0,1,4,0,0,4,0,1,1,0,0,0,0,1,0,1,0,0,0,0,1,1,0
1,98.52,2463,87.96428571428571,66.501,24,27,0,1,4,0,0,3,0,1,0,0,0,0,1,2,0,0,0,0,1,1,1,1,0
0,88.84615384615384,1155,28.170731707317074,46.2,12,40,0,0,3,1,1,3,1,0,0,1,0,1,1,2,1,0,0,0,0,0,0,0,0
0,100.25806451612904,3108,97.125,96.348,30,31,1,0,2,1,0,4,0,1,0,0,1,0,1,1,0,0,1,0,0,0,0,0,1
1,263.72727272727275,2901,90.65625,89.931,10,31,0,0,1,0,1,4,0,1,1,1,1,0,0,1,0,0,0,1,1,0,0,0,0
0,278.2307692307692,3617,124.72413793103448,101.276,12,28,0,1,1,1,0,4,1,1,0,1,0,0,0,3,0,1,0,0,1,0,0,0,1
1,127.3076923076923,1655,25.859375,104.265,12,63,0,1,2,1,1,4,0,1,0,1,0,0,1,2,1,1,0,0,0,0,0,0,0
0,112.48,2812,104.14814814814815,73.112,24,26,1,0,2,0,1,4,0,1,1,0,0,0,0,1,0,0,0,1,1,0,0,1,0
0,217.97297297297297,8065,310.1923076923077,201.625,36,25,1,1,3,1,0,2,0,1,0,0,0,0,1,2,0,0,1,1,0,0,0,0,0
1,148.86363636363637,3275,88.51351351351352,117.9,21,36,0,1,1,1,0,4,0,1,0,0,0,0,1,1,0,1,0,0,0,0,0,1,0
1,88.92,2223,41.943396226415096,115.596,24,52,0,1,4,0,0,4,0,0,0,0,0,1,1,2,1,1,0,0,1,0,0,1,0
0,113.84615384615384,1480,22.08955223880597,97.68,12,66,0,1,2,0,0,4,0,0,0,1,0,1,0,3,0,1,0,0,0,0,1,0,0
0,54.84,1371,52.73076923076923,34.275,24,25,1,0,4,0,1,4,0,1,1,0,0,0,0,1,0,0,0,1,1,0,1,1,0
1,95.54054054054055,3535,93.02631578947368,130.795,36,37,0,1,4,1,0,4,0,1,0,0,0,0,1,2,0,1,1,0,1,1,1,0,0
0,184.68421052631578,3509,134.96153846153845,87.725,18,25,1,0,4,1,1,1,0,1,0,0,0,0,1,1,1,0,0,1,1,1,0,1,0
1,154.35135135135135,5711,146.43589743589743,217.018,36,38,0,1,4,0,0,2,0,1,0,0,0,0,1,2,0,1,1,0,0,0,0,0,0
0,203.78947368421052,3872,56.94117647058823,259.424,18,67,0,0,2,1,0,4,1,1,0,0,0,0,1,1,0,0,0,1,1,0,0,1,0
0,123.325,4933,189.73076923076923,123.325,39,25,0,1,2,1,1,2,1,1,0,0,0,0,1,2,1,1,1,0,1,1,0,0,0
1,77.6,1940,31.80327868852459,116.4,24,60,0,1,4,0,1,4,0,1,0,0,0,0,1,1,0,1,0,0,1,0,1,1,0
0,108.46153846153847,1410,44.0625,43.71,12,31,0,0,2,1,1,2,1,1,0,1,0,0,1,1,0,1,0,0,0,0,0,0,0
0,64.3076923076923,836,34.833333333333336,19.228,12,23,0,0,4,0,0,2,1,0,0,1,1,1,1,1,0,0,0,1,0,0,1,0,0
0,308.0,6468,106.0327868852459,388.08,20,60,0,0,1,0,1,4,1,1,1,0,0,0,1,1,0,0,0,0,0,0,0,1,0
0,102.15789473684211,1941,53.916666666666664,67.935,18,35,0,0,4,0,0,2,1,1,0,0,0,0,1,1,0,1,0,0,0,0,0,1,0
1,116.30434782608695,2675,65.2439024390244,107.0,22,40,0,0,3,0,0,4,0,1,0,0,0,0,1,1,1,1,0,0,1,0,0,1,0
1,56.142857142857146,2751,70.53846153846153,104.538,48,38,0,1,4,0,0,3,0,1,1,0,0,0,1,2,0,1,1,0,1,0,0,0,0
0,127.0204081632653,6224,122.03921568627452,311.2,48,50,0,0,4,1,0,4,1,1,0,0,0,0,0,1,0,1,1,0,1,0,0,0,0
0,146.29268292682926,5998,214.21428571428572,161.946,40,27,1,1,4,1,0,3,0,0,0,0,0,1,1,1,0,1,1,0,1,0,0,0,0
0,54.0,1188,29.7,46.332,21,39,0,0,2,1,0,4,1,1,0,0,0,0,1,1,0,0,0,1,1,0,0,1,0
1,252.52,6313,150.3095238095238,258.833,24,41,0,0,3,0,0,4,0,1,1,0,0,0,1,1,0,1,0,0,0,0,0,1,0
1,174.42857142857142,1221,43.607142857142854,32.967,6,27,0,1,1,0,0,2,0,1,1,1,0,0,1,2,0,0,0,0,1,0,0,0,1
0,115.68,2892,55.61538461538461,147.492,24,51,0,0,3,1,0,4,0,1,0,0,0,0,0,1,0,0,0,0,1,0,0,1,1
1,122.48,3062,92.78787878787878,97.984,24,32,0,0,4,0,0,3,0,1,0,0,0,0,0,1,0,1,0,0,1,0,0,1,1
1,230.1,2301,100.04347826086956,50.622,9,22,0,0,2,0,0,4,0,1,0,1,1,0,0,1,0,0,0,1,1,0,0,0,1
0,395.3157894736842,7511,144.44230769230768,383.061,18,51,1,0,1,0,0,4,0,1,1,0,0,0,0,1,0,1,0,0,1,0,0,1,0
1,96.76923076923077,1258,54.69565217391305,27.676,12,22,0,1,2,1,0,4,0,1,0,1,1,0,0,2,0,0,0,1,0,0,0,0,1
1,28.68,717,13.036363636363637,38.718,24,54,0,0,4,0,0,4,0,1,1,0,0,0,1,2,0,0,0,0,1,0,1,1,0
0,154.9,1549,43.02777777777778,54.215,9,35,0,0,4,0,1,2,1,1,1,1,1,0,1,1,0,1,0,0,0,0,1,0,0
1,63.88,1597,29.036363636363635,86.238,24,54,0,1,4,1,0,4,0,1,0,0,0,0,0,2,0,1,0,0,1,0,0,1,0
0,94.47368421052632,1795,36.63265306122449,86.16,18,48,0,1,3,1,1,4,1,0,0,0,0,1,0,2,1,0,0,1,0,0,0,1,0
0,203.42857142857142,4272,170.88,102.528,20,24,1,1,1,1,0,4,0,1,0,0,0,0,1,2,0,0,0,1,1,0,0,1,1
1,75.07692307692308,976,27.11111111111111,34.16,12,35,0,1,4,0,0,4,0,1,1,1,0,0,1,2,1,1,0,0,1,0,0,0,0
0,574.7692307692307,7472,298.88,179.328,12,24,0,0,1,0,1,2,1,1,1,1,0,0,0,1,0,0,0,1,0,0,1,0,0
0,250.56756756756758,9271,370.84,222.504,36,24,1,0,2,1,0,1,0,1,0,0,0,0,1,1,0,1,1,0,1,1,1,0,0
0,84.28571428571429,590,21.85185185185185,15.34,6,26,0,0,3,1,1,3,1,1,0,1,1,0,1,1,1,0,0,0,0,0,0,0,0
1,71.53846153846153,930,14.090909090909092,60.45,12,65,0,1,4,0,1,4,0,1,1,1,0,0,1,4,1,1,0,0,1,0,0,0,0
0,215.88372093023256,9283,165.76785714285714,510.565,42,55,0,0,1,1,0,2,1,0,0,0,0,1,0,1,0,1,1,0,0,0,0,0,0
0,111.125,1778,65.85185185185185,46.228,15,26,0,0,2,1,1,1,1,1,0,0,1,0,0,2,0,0,0,1,0,0,1,1,0
0,100.77777777777777,907,33.592592592592595,23.582,8,26,0,0,3,1,1,2,1,1,0,1,1,0,1,1,0,0,0,0,1,0,0,0,0
0,69.14285714285714,484,16.689655172413794,13.552,6,28,0,0,3,1,1,3,1,0,0,1,0,1,1,1,1,0,0,0,0,1,0,0,0
0,260.2432432432432,9629,385.16,231.096,36,24,1,1,4,1,0,4,0,1,0,0,0,0,1,2,0,1,1,0,1,1,0,0,0
0,62.265306122448976,3051,55.472727272727276,164.754,48,54,1,0,3,1,0,4,0,1,0,0,0,0,1,1,0,1,1,0,1,0,0,0,0
0,80.22448979591837,3931,83.63829787234043,180.826,48,46,1,0,4,1,0,4,0,1,0,0,0,0,0,1,0,1,1,0,1,1,1,0,0
0,200.86486486486487,7432,135.12727272727273,401.328,36,54,0,0,2,1,0,2,1,1,0,0,0,0,0,1,0,0,1,1,1,0,1,0,0
1,191.14285714285714,1338,21.238095238095237,82.956,6,62,0,0,1,0,1,4,0,1,0,1,0,0,1,1,0,0,0,0,1,0,0,0,0
1,222.0,1554,62.16,37.296,6,24,0,1,1,1,0,2,0,1,0,1,0,0,0,2,1,0,0,1,1,1,0,0,0
0,428.56756756756755,15857,360.3863636363636,681.851,36,43,1,0,2,1,0,3,0,1,0,0,0,0,1,1,0,0,1,0,0,0,0,0,0
0,70.78947368421052,1345,49.81481481481482,34.97,18,26,1,0,4,1,1,3,0,0,0,0,0,1,1,1,1,0,0,0,1,0,0,1,0
1,84.6923076923077,1101,39.32142857142857,29.727,12,27,0,0,3,1,1,2,0,1,0,1,0,0,1,2,0,0,0,0,1,0,1,0,0
0,232.0,3016,120.64,72.384,12,24,0,0,3,1,0,1,0,1,0,1,0,0,1,1,1,0,0,0,1,0,0,0,0
0,73.29729729729729,2712,64.57142857142857,111.192,36,41,1,0,2,1,0,2,0,0,0,0,0,1,1,1,0,1,1,0,1,0,0,0,1
0,81.22222222222223,731,15.229166666666666,34.357,8,47,1,1,4,1,1,4,0,1,0,1,0,0,1,2,0,1,0,0,0,0,1,0,0
1,198.94736842105263,3780,105.0,132.3,18,35,0,1,3,1,0,2,0,1,0,0,1,0,1,2,0,0,0,0,0,0,0,1,1
0,72.81818181818181,1602,51.67741935483871,48.06,21,30,1,1,4,1,0,3,0,1,0,0,0,0,1,2,0,0,0,0,1,0,1,1,0
0,208.73684210526315,3966,116.6470588235294,130.878,18,33,1,1,1,1,1,4,0,0,0,0,0,1,0,3,0,0,0,1,1,0,1,1,0
1,219.21052631578948,4165,112.56756756756756,149.94,18,36,0,0,2,1,0,2,0,0,0,0,0,0,1,2,0,1,0,0,1,0,0,1,0
0,225.27027027027026,8335,173.64583333333334,391.745,36,47,1,0,3,0,0,4,0,1,1,0,0,0,0,1,0,1,1,0,1,0,0,0,0
0,136.3469387755102,6681,171.30769230769232,253.878,48,38,0,0,4,0,0,4,1,1,1,0,0,0,0,1,0,1,1,0,1,0,0,0,0
1,95.0,2375,52.77777777777778,104.5,24,44,0,0,4,0,0,2,0,1,0,0,0,0,1,2,0,1,0,0,1,0,0,1,0
0,64.0,1216,50.666666666666664,27.968,18,23,1,0,4,1,0,3,0,1,0,0,1,0,0,1,0,0,0,1,1,0,1,1,0
0,256.8695652173913,11816,393.8666666666667,342.664,45,29,1,0,2,1,0,4,0,1,0,0,0,0,0,2,0,1,1,0,1,0,0,0,0
0,203.36,5084,118.23255813953489,213.528,24,42,0,0,2,0,0,4,1,1,1,0,0,0,1,1,1,0,0,1,1,0,0,1,0
0,145.4375,2327,89.5,58.175,15,25,0,0,2,1,1,3,0,1,0,0,1,0,1,1,1,0,0,1,0,0,0,1,0
0,83.23076923076923,1082,22.081632653061224,51.936,12,48,1,0,4,1,0,4,0,0,0,1,0,1,1,2,0,1,0,0,1,0,1,0,0
1,68.15384615384616,886,40.27272727272727,18.606,12,21,0,0,4,0,0,2,0,1,1,1,0,0,1,1,1,0,0,1,1,0,0,0,0
1,120.2,601,25.041666666666668,13.823,4,23,0,0,1,1,1,3,0,1,0,1,1,0,0,1,0,0,0,1,0,0,0,0,1
0,118.28,2957,46.203125,186.291,24,63,1,1,4,1,0,4,0,1,0,0,0,0,1,2,0,1,0,0,1,0,0,1,0
1,104.44,2611,55.5531914893617,120.106,24,46,0,1,4,1,1,3,0,1,0,0,0,0,1,2,1,0,0,0,1,0,0,1,0
0,139.97297297297297,5179,172.63333333333333,150.191,36,29,1,0,4,1,0,2,0,1,0,0,0,0,1,1,0,1,1,0,1,1,0,0,1
1,136.04545454545453,2993,103.20689655172414,83.804,21,28,0,0,3,1,1,2,0,0,0,0,0,0,1,2,0,1,0,0,0,0,0,1,0
1,102.26315789473684,1943,80.95833333333333,44.689,18,23,0,0,4,1,1,4,0,1,0,0,1,0,1,1,0,0,0,1,1,0,0,1,0
1,62.36,1559,30.568627450980394,77.95,24,50,0,0,4,1,0,4,0,0,0,0,0,1,1,1,0,1,0,0,1,1,0,1,0
1,180.10526315789474,3422,71.29166666666667,160.834,18,47,0,0,4,1,0,4,0,0,0,0,0,1,1,3,0,1,0,0,1,0,0,1,1
0,180.72727272727272,3976,110.44444444444444,139.16,21,35,0,0,2,0,0,3,1,1,1,0,0,0,1,1,0,1,0,0,1,1,0,1,1
1,355.8421052631579,6761,97.98550724637681,459.748,18,68,0,0,2,0,0,4,0,1,1,0,0,0,0,2,0,1,0,0,1,0,1,1,0
1,49.96,1249,43.06896551724138,34.972,24,28,0,0,4,1,1,2,0,1,0,0,1,0,1,1,0,0,0,0,1,0,1,1,0
0,136.4,1364,22.733333333333334,80.476,9,59,1,0,3,1,1,4,0,1,0,1,0,0,1,1,1,1,0,0,1,1,0,0,0
0,54.53846153846154,709,12.224137931034482,40.413,12,57,1,0,4,1,1,4,0,0,0,1,0,0,1,1,1,1,0,0,0,0,0,0,0
0,106.42857142857143,2235,65.73529411764706,73.755,20,33,1,1,4,1,0,2,0,0,0,0,0,1,0,2,0,0,0,0,1,0,1,1,0
1,161.68,4042,91.86363636363636,173.806,24,43,0,1,3,0,0,4,0,1,1,0,0,0,1,2,0,1,0,0,1,1,0,1,0
1,91.9375,1471,40.861111111111114,51.485,15,35,0,1,4,1,0,4,0,1,0,0,0,0,0,2,1,1,0,0,1,0,0,1,0
0,75.89473684210526,1442,43.696969696969695,46.144,18,32,1,0,4,1,0,4,0,1,0,0,0,0,0,2,0,1,0,0,0,1,1,1,0
1,293.9189189189189,10875,236.41304347826087,489.375,36,45,0,0,2,1,0,2,0,1,0,0,0,0,1,2,0,1,1,0,1,0,1,0,0
1,58.96,1474,43.35294117647059,48.642,24,33,0,0,4,0,1,3,0,1,0,0,1,0,1,1,0,0,0,0,1,0,1,1,0
1,81.27272727272727,894,21.804878048780488,35.76,10,40,0,0,4,0,0,3,0,1,1,1,0,0,1,1,0,0,0,1,1,1,0,0,0
1,208.9375,3343,115.27586206896552,93.604,15,28,0,1,4,1,0,2,0,1,0,0,0,0,0,1,0,1,0,0,1,0,0,1,1
0,247.4375,3959,131.96666666666667,114.811,15,29,1,0,3,1,0,2,0,1,0,0,0,0,1,1,0,0,0,1,1,0,1,1,0
1,357.7,3577,132.4814814814815,93.002,9,26,0,0,1,0,1,2,0,1,0,1,0,0,0,1,0,1,0,0,1,0,1,0,0
1,232.16,5804,207.28571428571428,156.708,24,27,0,1,4,0,1,2,0,1,0,0,0,0,1,2,0,1,0,0,1,0,0,1,0
1,114.15789473684211,2169,74.79310344827586,60.732,18,28,0,0,4,1,0,2,0,1,0,0,0,0,1,1,0,0,0,0,1,0,0,1,0
0,97.56,2439,67.75,85.365,24,35,1,0,4,1,1,4,0,1,0,0,1,0,1,1,1,0,0,1,1,0,0,1,0
1,161.64285714285714,4526,137.15151515151516,144.832,27,32,0,1,4,0,1,2,0,0,0,0,1,0,1,2,0,1,1,0,0,0,0,0,1
1,200.9090909090909,2210,85.0,55.25,10,25,0,0,2,1,1,2,0,0,0,1,0,1,0,1,0,1,0,0,0,0,0,0,1
1,138.8125,2221,105.76190476190476,44.42,15,20,0,0,2,0,0,4,0,1,0,0,0,0,0,1,0,0,0,1,1,0,0,1,1
0,125.73684210526316,2389,85.32142857142857,64.503,18,27,1,0,4,1,0,1,0,0,0,0,1,0,1,1,1,0,0,1,1,0,0,1,0
1,256.2307692307692,3331,77.46511627906976,139.902,12,42,0,1,2,1,0,4,0,0,0,1,0,0,1,1,0,1,0,0,1,0,0,0,1
1,200.24324324324326,7409,194.97368421052633,274.133,36,37,0,0,3,0,0,2,0,1,1,0,0,0,1,2,0,1,1,0,1,0,0,0,0
0,50.15384615384615,652,26.08,15.648,12,24,1,0,4,1,0,4,0,1,0,1,0,0,0,1,0,0,0,1,1,0,0,0,1
1,207.51351351351352,7678,187.26829268292684,307.12,36,40,0,0,2,0,0,4,0,1,0,0,0,0,1,2,0,0,1,1,1,1,0,0,1
0,191.85714285714286,1343,28.574468085106382,61.778,6,46,0,1,1,1,1,4,0,1,0,1,0,0,1,2,0,1,0,0,1,0,1,0,0
0,55.28,1382,51.18518518518518,35.932,24,26,1,1,4,0,1,1,0,1,0,0,0,0,1,2,0,1,0,0,1,1,0,1,0
1,54.625,874,34.96,20.976,15,24,0,0,4,0,1,1,0,1,1,0,1,0,1,1,0,0,0,1,1,0,0,1,0
0,276.15384615384613,3590,119.66666666666667,104.11,12,29,1,0,2,1,0,2,0,1,0,1,0,0,1,1,0,1,0,0,0,0,0,0,1
0,110.16666666666667,1322,32.24390243902439,52.88,11,40,0,1,4,0,0,4,1,1,0,1,0,0,1,2,0,0,0,1,1,0,1,0,0
0,102.10526315789474,1940,52.432432432432435,69.84,18,36,1,0,3,1,0,4,0,0,0,0,1,1,0,1,1,1,0,0,0,0,0,1,0
1,97.16216216216216,3595,123.96551724137932,100.66,36,28,0,0,4,1,0,2,0,1,0,0,0,0,1,1,1,1,1,0,1,0,0,0,0
0,142.2,1422,50.785714285714285,38.394,9,27,1,0,3,1,0,2,0,1,0,1,1,0,0,1,0,1,0,0,0,0,1,0,0
1,217.48387096774192,6742,182.21621621621622,242.712,30,36,0,1,2,0,0,3,0,1,1,0,0,0,1,2,1,1,1,0,1,1,0,0,0
1,312.56,7814,200.35897435897436,296.932,24,38,0,0,3,1,0,3,0,1,0,0,0,0,1,1,0,1,0,0,0,1,0,1,0
1,371.08,9277,189.3265306122449,445.296,24,48,0,0,2,0,0,4,0,1,1,0,0,0,0,1,0,0,0,0,1,0,0,1,0
0,70.35483870967742,2181,58.945945945945944,78.516,30,36,0,1,4,0,1,4,1,1,1,0,0,0,1,2,0,1,1,0,1,0,1,0,0
1,57.78947368421053,1098,16.636363636363637,71.37,18,65,0,1,4,1,0,4,0,1,0,0,0,0,1,2,1,0,0,1,0,0,0,1,0
0,162.28,4057,92.20454545454545,174.451,24,43,0,0,3,1,0,3,1,1,0,0,0,0,1,1,0,0,0,0,1,1,0,1,1
0,61.15384615384615,795,14.722222222222221,42.135,12,53,1,0,4,1,0,4,0,1,0,1,1,0,1,1,0,0,0,1,1,0,0,0,0
0,113.0,2825,80.71428571428571,96.05,24,34,0,1,4,0,0,3,1,1,1,0,0,0,1,2,0,1,0,0,1,1,0,1,0
0,319.83673469387753,15672,653.0,360.456,48,23,0,0,2,1,0,2,1,1,0,0,0,0,1,1,0,1,1,0,1,0,0,0,0
1,178.75675675675674,6614,188.97142857142856,224.876,36,34,0,1,4,1,0,4,0,1,0,0,0,0,1,2,0,1,1,0,0,0,1,0,0
1,269.7931034482759,7824,190.82926829268294,312.96,28,40,0,0,3,0,1,4,0,0,1,0,1,1,0,2,0,1,1,0,1,0,0,0,0
0,87.21428571428571,2442,55.5,105.006,27,43,1,1,4,1,0,4,0,0,0,0,0,0,1,4,0,1,1,0,0,0,0,0,0
1,114.3125,1829,38.91489361702128,84.134,15,46,0,1,4,1,0,4,0,1,0,0,0,0,1,2,1,1,0,0,1,0,0,1,0
0,167.0,2171,55.666666666666664,82.498,12,38,1,1,4,1,0,4,0,0,0,1,0,1,1,2,0,1,0,0,0,0,1,0,0
0,156.75675675675674,5800,165.71428571428572,197.2,36,34,0,1,3,1,0,4,1,1,0,0,0,0,1,2,0,1,1,0,1,0,0,0,0
1,61.526315789473685,1169,38.96666666666667,33.901,18,29,0,1,4,0,0,3,0,1,1,0,0,0,1,2,1,1,0,0,1,0,0,1,0
1,241.8108108108108,8947,279.59375,277.357,36,31,0,0,3,0,0,2,0,0,1,0,0,0,1,1,0,1,1,0,0,1,0,0,0
0,118.45454545454545,2606,89.86206896551724,72.968,21,28,1,0,4,1,0,4,0,1,0,0,1,0,0,1,1,0,0,1,0,0,0,1,0
1,122.46153846153847,1592,44.22222222222222,55.72,12,35,0,1,3,0,0,2,0,1,0,1,0,0,1,1,0,0,0,1,1,1,0,0,1
1,136.625,2186,64.29411764705883,72.138,15,33,0,0,1,0,1,4,0,0,1,0,0,1,0,1,0,0,0,1,0,1,0,1,1
0,218.57894736842104,4153,96.5813953488372,174.426,18,42,1,0,2,1,0,3,0,1,0,0,0,0,1,1,0,1,0,0,1,0,0,1,1
0,154.41176470588235,2625,59.65909090909091,112.875,16,43,1,1,2,1,0,4,0,0,0,0,0,1,0,1,0,1,0,0,1,0,1,1,0
1,165.95238095238096,3485,77.44444444444444,153.34,20,44,0,1,2,0,1,4,0,1,1,0,1,0,1,2,0,0,0,0,1,0,1,1,0
1,283.1621621621622,10477,243.65116279069767,440.034,36,42,0,1,2,0,0,4,0,1,1,0,0,0,0,2,0,1,1,0,1,0,0,0,0
1,86.625,1386,33.80487804878049,55.44,15,40,0,0,4,0,1,2,0,1,1,0,0,0,0,1,1,0,0,0,1,0,0,1,0
1,51.12,1278,34.54054054054054,46.008,24,36,0,0,4,1,1,1,0,1,0,0,0,0,1,1,1,1,0,0,0,0,0,1,0
0,85.15384615384616,1107,52.714285714285715,22.14,12,20,1,0,2,1,1,2,0,1,0,1,0,0,0,1,1,1,0,0,0,0,0,0,0
0,171.04545454545453,3763,150.52,90.312,21,24,1,0,2,0,1,2,0,1,1,0,0,0,1,1,0,1,0,0,0,1,1,1,0
0,100.29729729729729,3711,132.53571428571428,100.197,36,27,0,0,2,0,0,2,1,1,1,0,0,0,1,1,0,0,1,0,1,0,0,0,0
1,224.625,3594,76.46808510638297,165.324,15,46,0,0,1,1,0,2,0,1,0,0,1,0,1,2,0,0,0,1,0,0,0,1,0
0,319.5,3195,93.97058823529412,105.435,9,33,0,0,1,0,1,2,1,1,1,1,0,0,1,1,0,0,0,1,0,0,1,0,0
1,120.37837837837837,4454,127.25714285714285,151.436,36,34,0,0,4,1,1,4,0,1,0,0,0,0,1,2,1,0,1,1,1,0,0,0,0
0,189.44,4736,182.15384615384616,118.4,24,25,0,1,2,1,0,4,1,0,0,0,1,1,1,1,0,0,0,1,0,0,0,1,1
0,96.48387096774194,2991,115.03846153846153,74.775,30,25,0,0,2,0,0,4,1,1,1,0,0,0,1,1,1,0,1,1,1,0,0,0,0
1,178.5,2142,73.86206896551724,59.976,11,28,0,0,1,0,1,2,0,1,0,1,0,0,1,1,0,0,0,0,1,0,0,0,0
0,126.44,3161,98.78125,97.991,24,31,1,0,4,1,0,2,0,1,0,0,0,0,0,1,0,1,0,0,1,0,0,1,0
0,376.0,18424,558.3030303030303,589.568,48,32,0,0,1,1,0,2,1,0,0,0,0,1,1,1,0,0,1,1,0,0,0,0,0
1,258.90909090909093,2848,86.3030303030303,91.136,10,32,0,0,1,0,1,2,0,1,0,1,0,0,1,1,0,1,0,0,1,0,0,0,0
0,2128.0,14896,215.8840579710145,1012.928,6,68,1,0,1,1,0,4,0,0,0,1,0,1,1,1,0,1,0,0,0,0,1,0,0
0,94.36,2359,69.38235294117646,77.847,24,33,1,0,1,0,0,1,0,1,0,0,0,0,1,1,0,0,0,0,1,0,0,1,1
0,133.8,3345,83.625,130.455,24,39,1,0,4,1,0,2,0,1,0,0,0,0,0,1,0,1,0,0,0,0,0,1,1
1,95.63157894736842,1817,62.6551724137931,50.876,18,28,0,1,4,1,0,2,0,1,0,0,0,0,1,2,0,0,0,1,1,0,0,1,1
1,260.18367346938777,12749,335.5,471.713,48,37,0,0,4,0,0,1,0,1,0,0,0,0,1,1,1,1,1,0,0,1,0,0,0
0,136.6,1366,59.391304347826086,30.052,9,22,1,0,3,1,0,4,0,1,0,1,1,0,0,1,1,0,0,1,1,0,0,0,0
0,154.0,2002,64.58064516129032,60.06,12,30,0,0,3,1,0,4,1,1,0,1,0,0,0,1,0,1,0,0,1,1,1,0,0
0,274.88,6872,122.71428571428571,377.96,24,55,1,0,2,1,0,1,0,0,0,0,1,1,1,1,0,0,0,0,1,0,0,1,1
0,53.61538461538461,697,14.829787234042554,32.062,12,46,1,0,4,1,0,2,0,0,0,1,1,1,1,2,0,1,0,0,1,0,1,0,0
0,55.21052631578947,1049,47.68181818181818,22.029,18,21,1,1,4,1,0,4,0,1,0,0,1,0,0,1,0,0,0,1,1,0,0,1,1
0,210.14285714285714,10297,257.425,401.583,48,39,1,0,4,1,0,4,0,0,0,0,0,0,0,3,0,1,1,0,1,1,0,0,0
1,60.225806451612904,1867,31.64406779661017,108.286,30,58,0,0,4,0,0,4,0,1,1,0,0,0,1,1,1,1,1,0,1,0,0,0,0
0,103.38461538461539,1344,30.545454545454547,57.792,12,43,1,0,4,1,1,2,0,1,0,1,0,0,1,2,0,1,0,0,0,0,1,0,0
0,69.88,1747,69.88,41.928,24,24,1,0,4,1,0,1,0,1,0,0,1,0,1,1,0,1,0,0,0,0,0,1,1
0,167.0,1670,72.6086956521739,36.74,9,22,0,0,4,1,0,2,1,1,0,1,1,0,1,1,1,0,0,1,1,0,0,0,0
1,122.4,1224,39.483870967741936,36.72,9,30,0,1,3,1,1,1,0,1,0,1,0,0,1,2,0,1,0,0,1,0,1,0,0
1,40.15384615384615,522,12.13953488372093,21.924,12,42,0,1,4,0,0,4,0,1,0,1,0,0,1,2,1,1,0,0,1,0,0,0,0
0,115.23076923076923,1498,62.416666666666664,34.454,12,23,1,0,4,1,0,1,0,0,0,1,0,1,1,1,1,0,0,1,1,0,0,0,0
0,61.903225806451616,1919,61.903225806451616,57.57,30,30,0,0,4,0,0,3,1,0,0,0,1,0,1,2,1,1,1,0,0,0,0,0,0
0,74.5,745,25.689655172413794,20.86,9,28,0,0,3,1,1,2,0,1,0,1,0,0,1,1,1,0,0,1,0,0,0,0,0
0,294.7142857142857,2063,66.54838709677419,61.89,6,30,0,0,4,1,0,3,1,1,0,1,1,0,0,1,1,0,0,0,0,0,0,0,0
0,103.08196721311475,6288,146.2325581395349,264.096,60,42,0,0,4,1,0,4,1,1,0,0,0,0,0,1,0,1,1,0,1,0,0,0,0
1,273.68,6842,145.5744680851064,314.732,24,46,0,1,2,0,0,4,0,1,1,0,0,0,1,2,0,1,0,0,0,0,0,1,0
1,271.3076923076923,3527,76.67391304347827,158.715,12,45,0,0,2,0,0,3,0,1,1,1,1,0,1,1,0,1,0,0,0,0,1,0,0
1,140.54545454545453,1546,48.3125,47.926,10,31,0,0,3,1,1,2,0,1,0,1,0,0,1,1,0,1,0,0,0,0,1,0,0
1,37.16,929,29.03125,28.799,24,31,0,0,4,0,0,2,0,0,1,0,0,0,1,1,0,1,0,0,1,1,0,1,1
1,291.0,1455,33.83720930232558,61.11,4,42,0,1,2,1,1,1,0,1,0,1,0,0,1,3,0,1,0,0,0,1,1,0,0
0,115.3125,1845,39.255319148936174,84.87,15,46,1,0,4,1,0,1,0,1,0,0,1,0,0,1,0,0,0,1,1,0,0,1,1
0,170.57142857142858,8358,269.61290322580646,250.74,48,30,0,0,1,0,0,1,1,1,0,0,1,0,1,2,0,0,1,1,1,0,1,0,0
0,133.96,3349,108.03225806451613,100.47,24,30,1,0,4,0,0,4,0,1,0,0,1,0,0,1,0,1,0,0,1,0,0,1,1
1,219.92307692307693,2859,73.3076923076923,108.642,12,38,0,0,4,0,0,4,0,1,1,1,0,0,1,1,0,1,0,0,0,0,1,0,0
1,80.6842105263158,1533,34.84090909090909,65.919,18,43,0,0,4,1,0,1,0,1,0,0,1,0,1,1,0,0,0,0,0,0,0,1,1
1,144.84,3621,113.15625,112.251,24,31,0,0,2,0,0,4,0,1,0,0,0,0,1,2,1,1,0,0,1,0,0,1,0
0,188.94736842105263,3590,87.5609756097561,143.6,18,40,0,1,3,1,0,3,1,1,0,0,0,0,1,3,0,0,0,0,0,0,0,1,0
0,57.972972972972975,2145,85.8,51.48,36,24,1,0,2,1,0,1,0,1,0,0,0,0,1,2,0,1,1,0,1,1,0,0,0
0,164.52,4113,141.82758620689654,115.164,24,28,0,0,3,0,0,4,1,1,0,0,1,0,0,1,0,0,0,1,1,0,0,1,0
1,296.5945945945946,10974,406.44444444444446,285.324,36,26,0,0,4,1,0,2,0,1,0,0,0,0,1,2,0,0,1,1,0,0,0,0,1
0,145.6153846153846,1893,63.1,54.897,12,29,1,0,4,1,0,4,0,1,0,1,0,0,1,1,0,0,0,1,1,0,1,0,0
0,49.24,1231,21.224137931034484,70.167,24,57,1,1,4,0,0,4,0,1,0,0,0,0,0,2,1,0,0,1,0,0,0,1,0
0,117.93548387096774,3656,73.12,179.144,30,49,0,1,4,0,0,4,0,0,1,0,0,0,1,2,1,1,1,0,0,0,0,0,0
0,115.4,1154,30.36842105263158,42.698,9,37,0,1,2,1,1,4,1,1,0,1,0,0,1,3,1,1,0,0,0,0,0,0,0
0,138.13793103448276,4006,87.08695652173913,180.27,28,45,1,0,3,1,0,2,0,1,0,0,0,0,1,1,0,1,1,0,0,0,1,0,0
0,122.76,3069,99.0,92.07,24,30,0,0,4,0,0,4,1,1,0,0,0,0,0,1,0,1,0,0,1,0,0,1,1
1,248.57142857142858,1740,56.12903225806452,52.2,6,30,0,1,2,1,1,2,0,1,0,1,0,0,0,2,1,0,0,0,1,0,0,0,0
0,106.95454545454545,2353,49.020833333333336,110.591,21,47,0,0,1,1,0,4,1,1,0,0,0,0,1,2,0,0,0,0,1,0,1,1,0
1,222.25,3556,118.53333333333333,103.124,15,29,0,0,3,0,0,2,0,1,1,0,0,0,1,1,0,1,0,0,1,0,1,1,0
1,95.88,2397,66.58333333333333,83.895,24,35,0,0,3,0,0,2,0,0,0,0,0,1,1,2,1,1,0,0,1,0,0,1,0
0,64.85714285714286,454,19.73913043478261,9.988,6,22,0,0,3,1,0,1,1,1,0,1,1,0,1,1,0,0,0,0,0,0,0,0,0
0,55.32258064516129,1715,63.51851851851852,44.59,30,26,0,0,4,0,0,1,1,1,1,0,0,0,1,1,1,0,1,1,1,0,0,0,0
0,90.0,2520,105.0,57.96,27,23,0,1,4,0,0,2,1,1,0,0,0,0,1,2,1,1,1,0,0,0,0,0,0
1,223.0,3568,64.87272727272727,192.672,15,54,0,0,4,1,0,2,0,0,0,0,0,1,0,1,1,0,0,1,0,0,0,1,0
1,166.65116279069767,7166,238.86666666666667,207.814,42,29,0,0,2,0,0,4,0,1,1,0,0,0,0,1,1,0,1,0,1,1,0,0,0
0,328.25,3939,96.07317073170732,157.56,11,40,1,1,1,1,1,2,0,1,0,1,0,0,1,2,0,1,0,0,0,0,1,0,0
0,94.625,1514,65.82608695652173,33.308,15,22,0,0,4,0,1,2,1,1,0,0,0,0,1,1,0,1,0,0,1,0,0,1,0
1,295.72,7393,168.02272727272728,317.899,24,43,0,0,1,1,0,4,0,1,0,0,0,0,1,1,0,1,0,0,0,0,1,1,0
0,47.72,1193,39.766666666666666,34.597,24,29,1,0,1,1,0,4,0,1,0,0,0,0,0,2,0,0,0,1,0,0,1,1,0
0,119.62295081967213,7297,197.21621621621622,262.692,60,36,1,0,4,1,0,4,0,1,0,0,0,0,0,1,0,1,1,0,1,0,0,0,0
1,91.3225806451613,2831,83.26470588235294,93.423,30,33,0,1,4,1,0,2,0,1,0,0,0,0,1,1,1,0,1,1,1,0,0,0,0
0,50.32,1258,21.689655172413794,71.706,24,57,0,0,3,0,0,3,0,1,0,0,0,0,1,1,1,0,0,1,0,0,0,1,0
0,107.57142857142857,753,11.584615384615384,48.192,6,64,0,0,2,1,1,3,1,1,0,1,0,0,1,1,1,0,0,1,1,0,0,0,0
0,127.73684210526316,2427,56.44186046511628,101.934,18,42,0,0,4,0,0,2,1,1,1,0,0,0,1,2,0,1,0,0,1,0,0,1,0
1,101.52,2538,52.875,119.286,24,47,0,0,4,1,0,4,0,1,0,0,0,0,1,2,0,1,0,0,0,0,1,1,0
0,79.0,1264,48.61538461538461,31.6,15,25,0,0,2,0,0,2,1,1,0,0,0,0,0,1,0,0,0,0,1,0,1,1,0
0,270.51612903225805,8386,167.72,410.914,30,49,0,1,2,1,0,2,1,1,0,0,0,0,1,1,0,1,1,0,1,1,0,0,1
1,98.85714285714286,4844,142.47058823529412,159.852,48,33,0,0,3,1,0,2,0,0,0,0,0,1,0,1,0,1,1,0,0,0,0,0,0
0,132.86363636363637,2923,100.79310344827586,81.844,21,28,0,0,1,0,0,1,0,0,0,0,0,1,1,1,0,0,0,1,0,0,1,1,0
0,222.40540540540542,8229,304.77777777777777,213.954,36,26,1,0,2,1,0,2,0,1,0,0,0,0,1,1,0,1,1,0,1,0,0,0,0
1,81.12,2028,65.41935483870968,60.84,24,30,0,1,2,1,0,2,0,1,0,0,0,0,1,2,0,1,0,0,0,1,0,1,1
0,89.5625,1433,55.11538461538461,35.825,15,25,1,1,4,1,0,3,0,1,0,0,0,0,0,2,0,0,0,1,1,0,0,1,1
0,146.25581395348837,6289,184.97058823529412,207.537,42,33,0,0,2,1,0,1,0,1,0,0,1,0,1,2,0,0,1,0,1,0,0,0,0
1,100.64285714285714,1409,21.676923076923078,90.176,13,64,0,0,2,0,1,4,0,1,0,0,0,0,1,1,1,0,0,1,1,0,0,1,0
0,263.16,6579,219.3,190.791,24,29,1,0,4,1,0,2,0,1,0,0,0,0,0,1,0,1,0,0,0,0,0,1,0
0,69.72,1743,35.57142857142857,83.664,24,48,0,1,4,1,0,2,1,1,0,0,0,0,1,2,1,1,0,0,0,0,0,1,0
1,274.2307692307692,3565,93.8157894736842,131.905,12,37,0,1,2,0,0,1,0,1,1,1,1,0,1,2,0,1,0,0,0,0,0,0,0
1,98.0625,1569,44.82857142857143,53.346,15,34,0,0,4,0,0,4,0,0,0,0,0,1,1,1,1,1,0,0,0,0,0,1,0
0,101.89473684210526,1936,80.66666666666667,44.528,18,23,1,0,2,0,0,4,0,1,1,0,0,0,0,2,1,0,0,0,0,1,0,1,0
0,107.0,3959,127.70967741935483,118.77,36,30,1,0,4,1,0,3,0,1,0,0,0,0,1,1,0,1,1,0,0,0,0,0,1
1,183.84615384615384,2390,46.86274509803921,119.5,12,50,0,0,4,0,0,3,0,1,1,1,0,0,1,1,0,1,0,0,1,0,1,0,0
1,133.53846153846155,1736,54.25,53.816,12,31,0,0,3,1,1,4,0,1,0,1,0,0,1,1,0,0,0,1,0,1,0,0,1
0,124.41935483870968,3857,94.07317073170732,154.28,30,40,1,0,4,1,0,4,0,1,0,0,0,0,1,1,0,0,1,0,0,0,0,0,0
1,61.84615384615385,804,20.615384615384617,30.552,12,38,0,0,4,1,0,4,0,1,0,1,0,0,1,1,1,1,0,0,1,0,0,0,0
0,40.108695652173914,1845,76.875,42.435,45,23,1,0,4,1,0,4,0,1,0,0,0,0,0,1,1,1,1,0,1,0,0,0,0
0,99.47826086956522,4576,163.42857142857142,123.552,45,27,0,1,3,0,0,4,1,1,0,0,0,0,1,1,0,1,1,0,1,0,0,0,0
